Code Domaine,Domaine,Code zone (M49),Zone,Code Élément,Élément,Code Produit (CPC),Produit,Code année,Année,Unité,Valeur,Symbole,Description du Symbole
"FBS","Bilans Alimentaires (2010-)","004","Afghanistan","5511","Production","S2734","Viande de Volailles","2017","2017","Milliers de tonnes","28","I","Valeur imputée"
"FBS","Bilans Alimentaires (2010-)","004","Afghanistan","5611","Importations - Quantité","S2734","Viande de Volailles","2017","2017","Milliers de tonnes","29","I","Valeur imputée"
"FBS","Bilans Alimentaires (2010-)","004","Afghanistan","5301","Disponibilité intérieure","S2734","Viande de Volailles","2017","2017","Milliers de tonnes","64","I","Valeur imputée"
"FBS","Bilans Alimentaires (2010-)","710","Afrique du Sud","5511","Production","S2734","Viande de Volailles","2017","2017","Milliers de tonnes","1665","I","Valeur imputée"
"FBS","Bilans Alimentaires (2010-)","710","Afrique du Sud","5611","Importations - Quantité","S2734","Viande de Volailles","2017","2017","Milliers de tonnes","514","I","Valeur imputée"
"FBS","Bilans Alimentaires (2010-)","710","Afrique du Sud","5301","Disponibilité intérieure","S2734","Viande de Volailles","2017","2017","Milliers de tonnes","2110","I","Valeur imputée"
"FBS","Bilans Alimentaires (2010-)","008","Albanie","5511","Production","S2734","Viande de Volailles","2017","2017","Milliers de tonnes","13","I","Valeur imputée"
"FBS","Bilans Alimentaires (2010-)","008","Albanie","5611","Importations - Quantité","S2734","Viande de Volailles","2017","2017","Milliers de tonnes","20","I","Valeur imputée"
"FBS","Bilans Alimentaires (2010-)","008","Albanie","5301","Disponibilité intérieure","S2734","Viande de Volailles","2017","2017","Milliers de tonnes","33","I","Valeur imputée"
"FBS","Bilans Alimentaires (2010-)","012","Algérie","5511","Production","S2734","Viande de Volailles","2017","2017","Milliers de tonnes","284","I","Valeur imputée"
"FBS","Bilans Alimentaires (2010-)","012","Algérie","5611","Importations - Quantité","S2734","Viande de Volailles","2017","2017","Milliers de tonnes","2","I","Valeur imputée"
"FBS","Bilans Alimentaires (2010-)","012","Algérie","5301","Disponibilité intérieure","S2734","Viande de Volailles","2017","2017","Milliers de tonnes","286","I","Valeur imputée"
"FBS","Bilans Alimentaires (2010-)","276","Allemagne","5511","Production","S2734","Viande de Volailles","2017","2017","Milliers de tonnes","1514","I","Valeur imputée"
"FBS","Bilans Alimentaires (2010-)","276","Allemagne","5611","Importations - Quantité","S2734","Viande de Volailles","2017","2017","Milliers de tonnes","842","I","Valeur imputée"
"FBS","Bilans Alimentaires (2010-)","276","Allemagne","5301","Disponibilité intérieure","S2734","Viande de Volailles","2017","2017","Milliers de tonnes","1557","I","Valeur imputée"
"FBS","Bilans Alimentaires (2010-)","024","Angola","5511","Production","S2734","Viande de Volailles","2017","2017","Milliers de tonnes","40","I","Valeur imputée"
"FBS","Bilans Alimentaires (2010-)","024","Angola","5611","Importations - Quantité","S2734","Viande de Volailles","2017","2017","Milliers de tonnes","277","I","Valeur imputée"
"FBS","Bilans Alimentaires (2010-)","024","Angola","5301","Disponibilité intérieure","S2734","Viande de Volailles","2017","2017","Milliers de tonnes","318","I","Valeur imputée"
"FBS","Bilans Alimentaires (2010-)","028","Antigua-et-Barbuda","5511","Production","S2734","Viande de Volailles","2017","2017","Milliers de tonnes","0","I","Valeur imputée"
"FBS","Bilans Alimentaires (2010-)","028","Antigua-et-Barbuda","5611","Importations - Quantité","S2734","Viande de Volailles","2017","2017","Milliers de tonnes","7","I","Valeur imputée"
"FBS","Bilans Alimentaires (2010-)","028","Antigua-et-Barbuda","5301","Disponibilité intérieure","S2734","Viande de Volailles","2017","2017","Milliers de tonnes","6","I","Valeur imputée"
"FBS","Bilans Alimentaires (2010-)","682","Arabie saoudite","5511","Production","S2734","Viande de Volailles","2017","2017","Milliers de tonnes","540","I","Valeur imputée"
"FBS","Bilans Alimentaires (2010-)","682","Arabie saoudite","5611","Importations - Quantité","S2734","Viande de Volailles","2017","2017","Milliers de tonnes","744","I","Valeur imputée"
"FBS","Bilans Alimentaires (2010-)","682","Arabie saoudite","5301","Disponibilité intérieure","S2734","Viande de Volailles","2017","2017","Milliers de tonnes","1258","I","Valeur imputée"
"FBS","Bilans Alimentaires (2010-)","032","Argentine","5511","Production","S2734","Viande de Volailles","2017","2017","Milliers de tonnes","2162","I","Valeur imputée"
"FBS","Bilans Alimentaires (2010-)","032","Argentine","5611","Importations - Quantité","S2734","Viande de Volailles","2017","2017","Milliers de tonnes","8","I","Valeur imputée"
"FBS","Bilans Alimentaires (2010-)","032","Argentine","5301","Disponibilité intérieure","S2734","Viande de Volailles","2017","2017","Milliers de tonnes","1962","I","Valeur imputée"
"FBS","Bilans Alimentaires (2010-)","051","Arménie","5511","Production","S2734","Viande de Volailles","2017","2017","Milliers de tonnes","11","I","Valeur imputée"
"FBS","Bilans Alimentaires (2010-)","051","Arménie","5611","Importations - Quantité","S2734","Viande de Volailles","2017","2017","Milliers de tonnes","35","I","Valeur imputée"
"FBS","Bilans Alimentaires (2010-)","051","Arménie","5301","Disponibilité intérieure","S2734","Viande de Volailles","2017","2017","Milliers de tonnes","45","I","Valeur imputée"
"FBS","Bilans Alimentaires (2010-)","036","Australie","5511","Production","S2734","Viande de Volailles","2017","2017","Milliers de tonnes","1271","I","Valeur imputée"
"FBS","Bilans Alimentaires (2010-)","036","Australie","5611","Importations - Quantité","S2734","Viande de Volailles","2017","2017","Milliers de tonnes","16","I","Valeur imputée"
"FBS","Bilans Alimentaires (2010-)","036","Australie","5301","Disponibilité intérieure","S2734","Viande de Volailles","2017","2017","Milliers de tonnes","1245","I","Valeur imputée"
"FBS","Bilans Alimentaires (2010-)","040","Autriche","5511","Production","S2734","Viande de Volailles","2017","2017","Milliers de tonnes","148","I","Valeur imputée"
"FBS","Bilans Alimentaires (2010-)","040","Autriche","5611","Importations - Quantité","S2734","Viande de Volailles","2017","2017","Milliers de tonnes","110","I","Valeur imputée"
"FBS","Bilans Alimentaires (2010-)","040","Autriche","5301","Disponibilité intérieure","S2734","Viande de Volailles","2017","2017","Milliers de tonnes","172","I","Valeur imputée"
"FBS","Bilans Alimentaires (2010-)","031","Azerbaïdjan","5511","Production","S2734","Viande de Volailles","2017","2017","Milliers de tonnes","104","I","Valeur imputée"
"FBS","Bilans Alimentaires (2010-)","031","Azerbaïdjan","5611","Importations - Quantité","S2734","Viande de Volailles","2017","2017","Milliers de tonnes","27","I","Valeur imputée"
"FBS","Bilans Alimentaires (2010-)","031","Azerbaïdjan","5301","Disponibilité intérieure","S2734","Viande de Volailles","2017","2017","Milliers de tonnes","129","I","Valeur imputée"
"FBS","Bilans Alimentaires (2010-)","044","Bahamas","5511","Production","S2734","Viande de Volailles","2017","2017","Milliers de tonnes","7","I","Valeur imputée"
"FBS","Bilans Alimentaires (2010-)","044","Bahamas","5611","Importations - Quantité","S2734","Viande de Volailles","2017","2017","Milliers de tonnes","26","I","Valeur imputée"
"FBS","Bilans Alimentaires (2010-)","044","Bahamas","5301","Disponibilité intérieure","S2734","Viande de Volailles","2017","2017","Milliers de tonnes","21","I","Valeur imputée"
"FBS","Bilans Alimentaires (2010-)","050","Bangladesh","5511","Production","S2734","Viande de Volailles","2017","2017","Milliers de tonnes","249","I","Valeur imputée"
"FBS","Bilans Alimentaires (2010-)","050","Bangladesh","5611","Importations - Quantité","S2734","Viande de Volailles","2017","2017","Milliers de tonnes","0","I","Valeur imputée"
"FBS","Bilans Alimentaires (2010-)","050","Bangladesh","5301","Disponibilité intérieure","S2734","Viande de Volailles","2017","2017","Milliers de tonnes","258","I","Valeur imputée"
"FBS","Bilans Alimentaires (2010-)","052","Barbade","5511","Production","S2734","Viande de Volailles","2017","2017","Milliers de tonnes","16","I","Valeur imputée"
"FBS","Bilans Alimentaires (2010-)","052","Barbade","5611","Importations - Quantité","S2734","Viande de Volailles","2017","2017","Milliers de tonnes","2","I","Valeur imputée"
"FBS","Bilans Alimentaires (2010-)","052","Barbade","5301","Disponibilité intérieure","S2734","Viande de Volailles","2017","2017","Milliers de tonnes","17","I","Valeur imputée"
"FBS","Bilans Alimentaires (2010-)","112","Bélarus","5511","Production","S2734","Viande de Volailles","2017","2017","Milliers de tonnes","463","I","Valeur imputée"
"FBS","Bilans Alimentaires (2010-)","112","Bélarus","5611","Importations - Quantité","S2734","Viande de Volailles","2017","2017","Milliers de tonnes","21","I","Valeur imputée"
"FBS","Bilans Alimentaires (2010-)","112","Bélarus","5301","Disponibilité intérieure","S2734","Viande de Volailles","2017","2017","Milliers de tonnes","266","I","Valeur imputée"
"FBS","Bilans Alimentaires (2010-)","056","Belgique","5511","Production","S2734","Viande de Volailles","2017","2017","Milliers de tonnes","463","I","Valeur imputée"
"FBS","Bilans Alimentaires (2010-)","056","Belgique","5611","Importations - Quantité","S2734","Viande de Volailles","2017","2017","Milliers de tonnes","312","I","Valeur imputée"
"FBS","Bilans Alimentaires (2010-)","056","Belgique","5301","Disponibilité intérieure","S2734","Viande de Volailles","2017","2017","Milliers de tonnes","155","I","Valeur imputée"
"FBS","Bilans Alimentaires (2010-)","084","Belize","5511","Production","S2734","Viande de Volailles","2017","2017","Milliers de tonnes","20","I","Valeur imputée"
"FBS","Bilans Alimentaires (2010-)","084","Belize","5611","Importations - Quantité","S2734","Viande de Volailles","2017","2017","Milliers de tonnes","0","I","Valeur imputée"
"FBS","Bilans Alimentaires (2010-)","084","Belize","5301","Disponibilité intérieure","S2734","Viande de Volailles","2017","2017","Milliers de tonnes","19","I","Valeur imputée"
"FBS","Bilans Alimentaires (2010-)","204","Bénin","5511","Production","S2734","Viande de Volailles","2017","2017","Milliers de tonnes","14","I","Valeur imputée"
"FBS","Bilans Alimentaires (2010-)","204","Bénin","5611","Importations - Quantité","S2734","Viande de Volailles","2017","2017","Milliers de tonnes","113","I","Valeur imputée"
"FBS","Bilans Alimentaires (2010-)","204","Bénin","5301","Disponibilité intérieure","S2734","Viande de Volailles","2017","2017","Milliers de tonnes","124","I","Valeur imputée"
"FBS","Bilans Alimentaires (2010-)","068","Bolivie (État plurinational de)","5511","Production","S2734","Viande de Volailles","2017","2017","Milliers de tonnes","507","I","Valeur imputée"
"FBS","Bilans Alimentaires (2010-)","068","Bolivie (État plurinational de)","5611","Importations - Quantité","S2734","Viande de Volailles","2017","2017","Milliers de tonnes","1","I","Valeur imputée"
"FBS","Bilans Alimentaires (2010-)","068","Bolivie (État plurinational de)","5301","Disponibilité intérieure","S2734","Viande de Volailles","2017","2017","Milliers de tonnes","507","I","Valeur imputée"
"FBS","Bilans Alimentaires (2010-)","070","Bosnie-Herzégovine","5511","Production","S2734","Viande de Volailles","2017","2017","Milliers de tonnes","61","I","Valeur imputée"
"FBS","Bilans Alimentaires (2010-)","070","Bosnie-Herzégovine","5611","Importations - Quantité","S2734","Viande de Volailles","2017","2017","Milliers de tonnes","10","I","Valeur imputée"
"FBS","Bilans Alimentaires (2010-)","070","Bosnie-Herzégovine","5301","Disponibilité intérieure","S2734","Viande de Volailles","2017","2017","Milliers de tonnes","63","I","Valeur imputée"
"FBS","Bilans Alimentaires (2010-)","072","Botswana","5511","Production","S2734","Viande de Volailles","2017","2017","Milliers de tonnes","5","I","Valeur imputée"
"FBS","Bilans Alimentaires (2010-)","072","Botswana","5611","Importations - Quantité","S2734","Viande de Volailles","2017","2017","Milliers de tonnes","3","I","Valeur imputée"
"FBS","Bilans Alimentaires (2010-)","072","Botswana","5301","Disponibilité intérieure","S2734","Viande de Volailles","2017","2017","Milliers de tonnes","7","I","Valeur imputée"
"FBS","Bilans Alimentaires (2010-)","076","Brésil","5511","Production","S2734","Viande de Volailles","2017","2017","Milliers de tonnes","14168","I","Valeur imputée"
"FBS","Bilans Alimentaires (2010-)","076","Brésil","5611","Importations - Quantité","S2734","Viande de Volailles","2017","2017","Milliers de tonnes","3","I","Valeur imputée"
"FBS","Bilans Alimentaires (2010-)","076","Brésil","5301","Disponibilité intérieure","S2734","Viande de Volailles","2017","2017","Milliers de tonnes","9902","I","Valeur imputée"
"FBS","Bilans Alimentaires (2010-)","100","Bulgarie","5511","Production","S2734","Viande de Volailles","2017","2017","Milliers de tonnes","107","I","Valeur imputée"
"FBS","Bilans Alimentaires (2010-)","100","Bulgarie","5611","Importations - Quantité","S2734","Viande de Volailles","2017","2017","Milliers de tonnes","108","I","Valeur imputée"
"FBS","Bilans Alimentaires (2010-)","100","Bulgarie","5301","Disponibilité intérieure","S2734","Viande de Volailles","2017","2017","Milliers de tonnes","157","I","Valeur imputée"
"FBS","Bilans Alimentaires (2010-)","854","Burkina Faso","5511","Production","S2734","Viande de Volailles","2017","2017","Milliers de tonnes","42","I","Valeur imputée"
"FBS","Bilans Alimentaires (2010-)","854","Burkina Faso","5611","Importations - Quantité","S2734","Viande de Volailles","2017","2017","Milliers de tonnes","0","I","Valeur imputée"
"FBS","Bilans Alimentaires (2010-)","854","Burkina Faso","5301","Disponibilité intérieure","S2734","Viande de Volailles","2017","2017","Milliers de tonnes","42","I","Valeur imputée"
"FBS","Bilans Alimentaires (2010-)","108","Burundi","5511","Production","S2734","Viande de Volailles","2017","2017","Milliers de tonnes","6","I","Valeur imputée"
"FBS","Bilans Alimentaires (2010-)","108","Burundi","5611","Importations - Quantité","S2734","Viande de Volailles","2017","2017","Milliers de tonnes","0","I","Valeur imputée"
"FBS","Bilans Alimentaires (2010-)","108","Burundi","5301","Disponibilité intérieure","S2734","Viande de Volailles","2017","2017","Milliers de tonnes","5","I","Valeur imputée"
"FBS","Bilans Alimentaires (2010-)","132","Cabo Verde","5511","Production","S2734","Viande de Volailles","2017","2017","Milliers de tonnes","1","I","Valeur imputée"
"FBS","Bilans Alimentaires (2010-)","132","Cabo Verde","5611","Importations - Quantité","S2734","Viande de Volailles","2017","2017","Milliers de tonnes","12","I","Valeur imputée"
"FBS","Bilans Alimentaires (2010-)","132","Cabo Verde","5301","Disponibilité intérieure","S2734","Viande de Volailles","2017","2017","Milliers de tonnes","10","I","Valeur imputée"
"FBS","Bilans Alimentaires (2010-)","116","Cambodge","5511","Production","S2734","Viande de Volailles","2017","2017","Milliers de tonnes","27","I","Valeur imputée"
"FBS","Bilans Alimentaires (2010-)","116","Cambodge","5611","Importations - Quantité","S2734","Viande de Volailles","2017","2017","Milliers de tonnes","10","I","Valeur imputée"
"FBS","Bilans Alimentaires (2010-)","116","Cambodge","5301","Disponibilité intérieure","S2734","Viande de Volailles","2017","2017","Milliers de tonnes","36","I","Valeur imputée"
"FBS","Bilans Alimentaires (2010-)","120","Cameroun","5511","Production","S2734","Viande de Volailles","2017","2017","Milliers de tonnes","77","I","Valeur imputée"
"FBS","Bilans Alimentaires (2010-)","120","Cameroun","5611","Importations - Quantité","S2734","Viande de Volailles","2017","2017","Milliers de tonnes","0","I","Valeur imputée"
"FBS","Bilans Alimentaires (2010-)","120","Cameroun","5301","Disponibilité intérieure","S2734","Viande de Volailles","2017","2017","Milliers de tonnes","78","I","Valeur imputée"
"FBS","Bilans Alimentaires (2010-)","124","Canada","5511","Production","S2734","Viande de Volailles","2017","2017","Milliers de tonnes","1418","I","Valeur imputée"
"FBS","Bilans Alimentaires (2010-)","124","Canada","5611","Importations - Quantité","S2734","Viande de Volailles","2017","2017","Milliers de tonnes","182","I","Valeur imputée"
"FBS","Bilans Alimentaires (2010-)","124","Canada","5301","Disponibilité intérieure","S2734","Viande de Volailles","2017","2017","Milliers de tonnes","1431","I","Valeur imputée"
"FBS","Bilans Alimentaires (2010-)","152","Chili","5511","Production","S2734","Viande de Volailles","2017","2017","Milliers de tonnes","703","I","Valeur imputée"
"FBS","Bilans Alimentaires (2010-)","152","Chili","5611","Importations - Quantité","S2734","Viande de Volailles","2017","2017","Milliers de tonnes","149","I","Valeur imputée"
"FBS","Bilans Alimentaires (2010-)","152","Chili","5301","Disponibilité intérieure","S2734","Viande de Volailles","2017","2017","Milliers de tonnes","736","I","Valeur imputée"
"FBS","Bilans Alimentaires (2010-)","159","Chine","5511","Production","S2734","Viande de Volailles","2017","2017","Milliers de tonnes","19090","E","Valeur estimée"
"FBS","Bilans Alimentaires (2010-)","159","Chine","5611","Importations - Quantité","S2734","Viande de Volailles","2017","2017","Milliers de tonnes","1543","E","Valeur estimée"
"FBS","Bilans Alimentaires (2010-)","159","Chine","5301","Disponibilité intérieure","S2734","Viande de Volailles","2017","2017","Milliers de tonnes","20032","E","Valeur estimée"
"FBS","Bilans Alimentaires (2010-)","344","Chine - RAS de Hong-Kong","5511","Production","S2734","Viande de Volailles","2017","2017","Milliers de tonnes","24","I","Valeur imputée"
"FBS","Bilans Alimentaires (2010-)","344","Chine - RAS de Hong-Kong","5611","Importations - Quantité","S2734","Viande de Volailles","2017","2017","Milliers de tonnes","907","I","Valeur imputée"
"FBS","Bilans Alimentaires (2010-)","344","Chine - RAS de Hong-Kong","5301","Disponibilité intérieure","S2734","Viande de Volailles","2017","2017","Milliers de tonnes","227","I","Valeur imputée"
"FBS","Bilans Alimentaires (2010-)","446","Chine - RAS de Macao","5511","Production","S2734","Viande de Volailles","2017","2017","Milliers de tonnes","4","I","Valeur imputée"
"FBS","Bilans Alimentaires (2010-)","446","Chine - RAS de Macao","5611","Importations - Quantité","S2734","Viande de Volailles","2017","2017","Milliers de tonnes","23","I","Valeur imputée"
"FBS","Bilans Alimentaires (2010-)","446","Chine - RAS de Macao","5301","Disponibilité intérieure","S2734","Viande de Volailles","2017","2017","Milliers de tonnes","21","I","Valeur imputée"
"FBS","Bilans Alimentaires (2010-)","156","Chine, continentale","5511","Production","S2734","Viande de Volailles","2017","2017","Milliers de tonnes","18405","I","Valeur imputée"
"FBS","Bilans Alimentaires (2010-)","156","Chine, continentale","5611","Importations - Quantité","S2734","Viande de Volailles","2017","2017","Milliers de tonnes","452","I","Valeur imputée"
"FBS","Bilans Alimentaires (2010-)","156","Chine, continentale","5301","Disponibilité intérieure","S2734","Viande de Volailles","2017","2017","Milliers de tonnes","18992","I","Valeur imputée"
"FBS","Bilans Alimentaires (2010-)","158","Chine, Taiwan Province de","5511","Production","S2734","Viande de Volailles","2017","2017","Milliers de tonnes","657","I","Valeur imputée"
"FBS","Bilans Alimentaires (2010-)","158","Chine, Taiwan Province de","5611","Importations - Quantité","S2734","Viande de Volailles","2017","2017","Milliers de tonnes","161","I","Valeur imputée"
"FBS","Bilans Alimentaires (2010-)","158","Chine, Taiwan Province de","5301","Disponibilité intérieure","S2734","Viande de Volailles","2017","2017","Milliers de tonnes","792","I","Valeur imputée"
"FBS","Bilans Alimentaires (2010-)","196","Chypre","5511","Production","S2734","Viande de Volailles","2017","2017","Milliers de tonnes","25","I","Valeur imputée"
"FBS","Bilans Alimentaires (2010-)","196","Chypre","5611","Importations - Quantité","S2734","Viande de Volailles","2017","2017","Milliers de tonnes","14","I","Valeur imputée"
"FBS","Bilans Alimentaires (2010-)","196","Chypre","5301","Disponibilité intérieure","S2734","Viande de Volailles","2017","2017","Milliers de tonnes","34","I","Valeur imputée"
"FBS","Bilans Alimentaires (2010-)","170","Colombie","5511","Production","S2734","Viande de Volailles","2017","2017","Milliers de tonnes","1564","I","Valeur imputée"
"FBS","Bilans Alimentaires (2010-)","170","Colombie","5611","Importations - Quantité","S2734","Viande de Volailles","2017","2017","Milliers de tonnes","78","I","Valeur imputée"
"FBS","Bilans Alimentaires (2010-)","170","Colombie","5301","Disponibilité intérieure","S2734","Viande de Volailles","2017","2017","Milliers de tonnes","1639","I","Valeur imputée"
"FBS","Bilans Alimentaires (2010-)","174","Comores","5511","Production","S2734","Viande de Volailles","2017","2017","Milliers de tonnes","1","I","Valeur imputée"
"FBS","Bilans Alimentaires (2010-)","174","Comores","5611","Importations - Quantité","S2734","Viande de Volailles","2017","2017","Milliers de tonnes","14","I","Valeur imputée"
"FBS","Bilans Alimentaires (2010-)","174","Comores","5301","Disponibilité intérieure","S2734","Viande de Volailles","2017","2017","Milliers de tonnes","13","I","Valeur imputée"
"FBS","Bilans Alimentaires (2010-)","178","Congo","5511","Production","S2734","Viande de Volailles","2017","2017","Milliers de tonnes","7","I","Valeur imputée"
"FBS","Bilans Alimentaires (2010-)","178","Congo","5611","Importations - Quantité","S2734","Viande de Volailles","2017","2017","Milliers de tonnes","104","I","Valeur imputée"
"FBS","Bilans Alimentaires (2010-)","178","Congo","5301","Disponibilité intérieure","S2734","Viande de Volailles","2017","2017","Milliers de tonnes","107","I","Valeur imputée"
"FBS","Bilans Alimentaires (2010-)","188","Costa Rica","5511","Production","S2734","Viande de Volailles","2017","2017","Milliers de tonnes","133","I","Valeur imputée"
"FBS","Bilans Alimentaires (2010-)","188","Costa Rica","5611","Importations - Quantité","S2734","Viande de Volailles","2017","2017","Milliers de tonnes","17","I","Valeur imputée"
"FBS","Bilans Alimentaires (2010-)","188","Costa Rica","5301","Disponibilité intérieure","S2734","Viande de Volailles","2017","2017","Milliers de tonnes","134","I","Valeur imputée"
"FBS","Bilans Alimentaires (2010-)","384","Côte d'Ivoire","5511","Production","S2734","Viande de Volailles","2017","2017","Milliers de tonnes","48","I","Valeur imputée"
"FBS","Bilans Alimentaires (2010-)","384","Côte d'Ivoire","5611","Importations - Quantité","S2734","Viande de Volailles","2017","2017","Milliers de tonnes","1","I","Valeur imputée"
"FBS","Bilans Alimentaires (2010-)","384","Côte d'Ivoire","5301","Disponibilité intérieure","S2734","Viande de Volailles","2017","2017","Milliers de tonnes","49","I","Valeur imputée"
"FBS","Bilans Alimentaires (2010-)","191","Croatie","5511","Production","S2734","Viande de Volailles","2017","2017","Milliers de tonnes","66","I","Valeur imputée"
"FBS","Bilans Alimentaires (2010-)","191","Croatie","5611","Importations - Quantité","S2734","Viande de Volailles","2017","2017","Milliers de tonnes","24","I","Valeur imputée"
"FBS","Bilans Alimentaires (2010-)","191","Croatie","5301","Disponibilité intérieure","S2734","Viande de Volailles","2017","2017","Milliers de tonnes","45","I","Valeur imputée"
"FBS","Bilans Alimentaires (2010-)","192","Cuba","5511","Production","S2734","Viande de Volailles","2017","2017","Milliers de tonnes","29","I","Valeur imputée"
"FBS","Bilans Alimentaires (2010-)","192","Cuba","5611","Importations - Quantité","S2734","Viande de Volailles","2017","2017","Milliers de tonnes","312","I","Valeur imputée"
"FBS","Bilans Alimentaires (2010-)","192","Cuba","5301","Disponibilité intérieure","S2734","Viande de Volailles","2017","2017","Milliers de tonnes","326","I","Valeur imputée"
"FBS","Bilans Alimentaires (2010-)","208","Danemark","5511","Production","S2734","Viande de Volailles","2017","2017","Milliers de tonnes","152","I","Valeur imputée"
"FBS","Bilans Alimentaires (2010-)","208","Danemark","5611","Importations - Quantité","S2734","Viande de Volailles","2017","2017","Milliers de tonnes","133","I","Valeur imputée"
"FBS","Bilans Alimentaires (2010-)","208","Danemark","5301","Disponibilité intérieure","S2734","Viande de Volailles","2017","2017","Milliers de tonnes","146","I","Valeur imputée"
"FBS","Bilans Alimentaires (2010-)","262","Djibouti","5611","Importations - Quantité","S2734","Viande de Volailles","2017","2017","Milliers de tonnes","3","I","Valeur imputée"
"FBS","Bilans Alimentaires (2010-)","262","Djibouti","5301","Disponibilité intérieure","S2734","Viande de Volailles","2017","2017","Milliers de tonnes","3","I","Valeur imputée"
"FBS","Bilans Alimentaires (2010-)","212","Dominique","5511","Production","S2734","Viande de Volailles","2017","2017","Milliers de tonnes","0","I","Valeur imputée"
"FBS","Bilans Alimentaires (2010-)","212","Dominique","5611","Importations - Quantité","S2734","Viande de Volailles","2017","2017","Milliers de tonnes","4","I","Valeur imputée"
"FBS","Bilans Alimentaires (2010-)","212","Dominique","5301","Disponibilité intérieure","S2734","Viande de Volailles","2017","2017","Milliers de tonnes","4","I","Valeur imputée"
"FBS","Bilans Alimentaires (2010-)","818","Égypte","5511","Production","S2734","Viande de Volailles","2017","2017","Milliers de tonnes","1429","I","Valeur imputée"
"FBS","Bilans Alimentaires (2010-)","818","Égypte","5611","Importations - Quantité","S2734","Viande de Volailles","2017","2017","Milliers de tonnes","133","I","Valeur imputée"
"FBS","Bilans Alimentaires (2010-)","818","Égypte","5301","Disponibilité intérieure","S2734","Viande de Volailles","2017","2017","Milliers de tonnes","1554","I","Valeur imputée"
"FBS","Bilans Alimentaires (2010-)","222","El Salvador","5511","Production","S2734","Viande de Volailles","2017","2017","Milliers de tonnes","136","I","Valeur imputée"
"FBS","Bilans Alimentaires (2010-)","222","El Salvador","5611","Importations - Quantité","S2734","Viande de Volailles","2017","2017","Milliers de tonnes","16","I","Valeur imputée"
"FBS","Bilans Alimentaires (2010-)","222","El Salvador","5301","Disponibilité intérieure","S2734","Viande de Volailles","2017","2017","Milliers de tonnes","150","I","Valeur imputée"
"FBS","Bilans Alimentaires (2010-)","784","Émirats arabes unis","5511","Production","S2734","Viande de Volailles","2017","2017","Milliers de tonnes","57","I","Valeur imputée"
"FBS","Bilans Alimentaires (2010-)","784","Émirats arabes unis","5611","Importations - Quantité","S2734","Viande de Volailles","2017","2017","Milliers de tonnes","465","I","Valeur imputée"
"FBS","Bilans Alimentaires (2010-)","784","Émirats arabes unis","5301","Disponibilité intérieure","S2734","Viande de Volailles","2017","2017","Milliers de tonnes","492","I","Valeur imputée"
"FBS","Bilans Alimentaires (2010-)","218","Équateur","5511","Production","S2734","Viande de Volailles","2017","2017","Milliers de tonnes","340","I","Valeur imputée"
"FBS","Bilans Alimentaires (2010-)","218","Équateur","5611","Importations - Quantité","S2734","Viande de Volailles","2017","2017","Milliers de tonnes","0","I","Valeur imputée"
"FBS","Bilans Alimentaires (2010-)","218","Équateur","5301","Disponibilité intérieure","S2734","Viande de Volailles","2017","2017","Milliers de tonnes","340","I","Valeur imputée"
"FBS","Bilans Alimentaires (2010-)","724","Espagne","5511","Production","S2734","Viande de Volailles","2017","2017","Milliers de tonnes","1515","I","Valeur imputée"
"FBS","Bilans Alimentaires (2010-)","724","Espagne","5611","Importations - Quantité","S2734","Viande de Volailles","2017","2017","Milliers de tonnes","205","I","Valeur imputée"
"FBS","Bilans Alimentaires (2010-)","724","Espagne","5301","Disponibilité intérieure","S2734","Viande de Volailles","2017","2017","Milliers de tonnes","1428","I","Valeur imputée"
"FBS","Bilans Alimentaires (2010-)","233","Estonie","5511","Production","S2734","Viande de Volailles","2017","2017","Milliers de tonnes","20","I","Valeur imputée"
"FBS","Bilans Alimentaires (2010-)","233","Estonie","5611","Importations - Quantité","S2734","Viande de Volailles","2017","2017","Milliers de tonnes","21","I","Valeur imputée"
"FBS","Bilans Alimentaires (2010-)","233","Estonie","5301","Disponibilité intérieure","S2734","Viande de Volailles","2017","2017","Milliers de tonnes","28","I","Valeur imputée"
"FBS","Bilans Alimentaires (2010-)","748","Eswatini","5511","Production","S2734","Viande de Volailles","2017","2017","Milliers de tonnes","6","I","Valeur imputée"
"FBS","Bilans Alimentaires (2010-)","748","Eswatini","5611","Importations - Quantité","S2734","Viande de Volailles","2017","2017","Milliers de tonnes","2","I","Valeur imputée"
"FBS","Bilans Alimentaires (2010-)","748","Eswatini","5301","Disponibilité intérieure","S2734","Viande de Volailles","2017","2017","Milliers de tonnes","8","I","Valeur imputée"
"FBS","Bilans Alimentaires (2010-)","840","États-Unis d'Amérique","5511","Production","S2734","Viande de Volailles","2017","2017","Milliers de tonnes","21914","I","Valeur imputée"
"FBS","Bilans Alimentaires (2010-)","840","États-Unis d'Amérique","5611","Importations - Quantité","S2734","Viande de Volailles","2017","2017","Milliers de tonnes","123","I","Valeur imputée"
"FBS","Bilans Alimentaires (2010-)","840","États-Unis d'Amérique","5301","Disponibilité intérieure","S2734","Viande de Volailles","2017","2017","Milliers de tonnes","18305","I","Valeur imputée"
"FBS","Bilans Alimentaires (2010-)","231","Éthiopie","5511","Production","S2734","Viande de Volailles","2017","2017","Milliers de tonnes","72","I","Valeur imputée"
"FBS","Bilans Alimentaires (2010-)","231","Éthiopie","5611","Importations - Quantité","S2734","Viande de Volailles","2017","2017","Milliers de tonnes","0","I","Valeur imputée"
"FBS","Bilans Alimentaires (2010-)","231","Éthiopie","5301","Disponibilité intérieure","S2734","Viande de Volailles","2017","2017","Milliers de tonnes","76","I","Valeur imputée"
"FBS","Bilans Alimentaires (2010-)","643","Fédération de Russie","5511","Production","S2734","Viande de Volailles","2017","2017","Milliers de tonnes","4542","I","Valeur imputée"
"FBS","Bilans Alimentaires (2010-)","643","Fédération de Russie","5611","Importations - Quantité","S2734","Viande de Volailles","2017","2017","Milliers de tonnes","226","I","Valeur imputée"
"FBS","Bilans Alimentaires (2010-)","643","Fédération de Russie","5301","Disponibilité intérieure","S2734","Viande de Volailles","2017","2017","Milliers de tonnes","4657","I","Valeur imputée"
"FBS","Bilans Alimentaires (2010-)","242","Fidji","5511","Production","S2734","Viande de Volailles","2017","2017","Milliers de tonnes","34","I","Valeur imputée"
"FBS","Bilans Alimentaires (2010-)","242","Fidji","5611","Importations - Quantité","S2734","Viande de Volailles","2017","2017","Milliers de tonnes","3","I","Valeur imputée"
"FBS","Bilans Alimentaires (2010-)","242","Fidji","5301","Disponibilité intérieure","S2734","Viande de Volailles","2017","2017","Milliers de tonnes","24","I","Valeur imputée"
"FBS","Bilans Alimentaires (2010-)","246","Finlande","5511","Production","S2734","Viande de Volailles","2017","2017","Milliers de tonnes","129","I","Valeur imputée"
"FBS","Bilans Alimentaires (2010-)","246","Finlande","5611","Importations - Quantité","S2734","Viande de Volailles","2017","2017","Milliers de tonnes","16","I","Valeur imputée"
"FBS","Bilans Alimentaires (2010-)","246","Finlande","5301","Disponibilité intérieure","S2734","Viande de Volailles","2017","2017","Milliers de tonnes","111","I","Valeur imputée"
"FBS","Bilans Alimentaires (2010-)","250","France","5511","Production","S2734","Viande de Volailles","2017","2017","Milliers de tonnes","1750","I","Valeur imputée"
"FBS","Bilans Alimentaires (2010-)","250","France","5611","Importations - Quantité","S2734","Viande de Volailles","2017","2017","Milliers de tonnes","506","I","Valeur imputée"
"FBS","Bilans Alimentaires (2010-)","250","France","5301","Disponibilité intérieure","S2734","Viande de Volailles","2017","2017","Milliers de tonnes","1563","I","Valeur imputée"
"FBS","Bilans Alimentaires (2010-)","266","Gabon","5511","Production","S2734","Viande de Volailles","2017","2017","Milliers de tonnes","4","I","Valeur imputée"
"FBS","Bilans Alimentaires (2010-)","266","Gabon","5611","Importations - Quantité","S2734","Viande de Volailles","2017","2017","Milliers de tonnes","76","I","Valeur imputée"
"FBS","Bilans Alimentaires (2010-)","266","Gabon","5301","Disponibilité intérieure","S2734","Viande de Volailles","2017","2017","Milliers de tonnes","78","I","Valeur imputée"
"FBS","Bilans Alimentaires (2010-)","270","Gambie","5511","Production","S2734","Viande de Volailles","2017","2017","Milliers de tonnes","2","I","Valeur imputée"
"FBS","Bilans Alimentaires (2010-)","270","Gambie","5611","Importations - Quantité","S2734","Viande de Volailles","2017","2017","Milliers de tonnes","16","I","Valeur imputée"
"FBS","Bilans Alimentaires (2010-)","270","Gambie","5301","Disponibilité intérieure","S2734","Viande de Volailles","2017","2017","Milliers de tonnes","18","I","Valeur imputée"
"FBS","Bilans Alimentaires (2010-)","268","Géorgie","5511","Production","S2734","Viande de Volailles","2017","2017","Milliers de tonnes","22","I","Valeur imputée"
"FBS","Bilans Alimentaires (2010-)","268","Géorgie","5611","Importations - Quantité","S2734","Viande de Volailles","2017","2017","Milliers de tonnes","51","I","Valeur imputée"
"FBS","Bilans Alimentaires (2010-)","268","Géorgie","5301","Disponibilité intérieure","S2734","Viande de Volailles","2017","2017","Milliers de tonnes","61","I","Valeur imputée"
"FBS","Bilans Alimentaires (2010-)","288","Ghana","5511","Production","S2734","Viande de Volailles","2017","2017","Milliers de tonnes","58","I","Valeur imputée"
"FBS","Bilans Alimentaires (2010-)","288","Ghana","5611","Importations - Quantité","S2734","Viande de Volailles","2017","2017","Milliers de tonnes","151","I","Valeur imputée"
"FBS","Bilans Alimentaires (2010-)","288","Ghana","5301","Disponibilité intérieure","S2734","Viande de Volailles","2017","2017","Milliers de tonnes","209","I","Valeur imputée"
"FBS","Bilans Alimentaires (2010-)","300","Grèce","5511","Production","S2734","Viande de Volailles","2017","2017","Milliers de tonnes","246","I","Valeur imputée"
"FBS","Bilans Alimentaires (2010-)","300","Grèce","5611","Importations - Quantité","S2734","Viande de Volailles","2017","2017","Milliers de tonnes","79","I","Valeur imputée"
"FBS","Bilans Alimentaires (2010-)","300","Grèce","5301","Disponibilité intérieure","S2734","Viande de Volailles","2017","2017","Milliers de tonnes","178","I","Valeur imputée"
"FBS","Bilans Alimentaires (2010-)","308","Grenade","5511","Production","S2734","Viande de Volailles","2017","2017","Milliers de tonnes","1","I","Valeur imputée"
"FBS","Bilans Alimentaires (2010-)","308","Grenade","5611","Importations - Quantité","S2734","Viande de Volailles","2017","2017","Milliers de tonnes","7","I","Valeur imputée"
"FBS","Bilans Alimentaires (2010-)","308","Grenade","5301","Disponibilité intérieure","S2734","Viande de Volailles","2017","2017","Milliers de tonnes","8","I","Valeur imputée"
"FBS","Bilans Alimentaires (2010-)","320","Guatemala","5511","Production","S2734","Viande de Volailles","2017","2017","Milliers de tonnes","232","I","Valeur imputée"
"FBS","Bilans Alimentaires (2010-)","320","Guatemala","5611","Importations - Quantité","S2734","Viande de Volailles","2017","2017","Milliers de tonnes","129","I","Valeur imputée"
"FBS","Bilans Alimentaires (2010-)","320","Guatemala","5301","Disponibilité intérieure","S2734","Viande de Volailles","2017","2017","Milliers de tonnes","354","I","Valeur imputée"
"FBS","Bilans Alimentaires (2010-)","324","Guinée","5511","Production","S2734","Viande de Volailles","2017","2017","Milliers de tonnes","15","I","Valeur imputée"
"FBS","Bilans Alimentaires (2010-)","324","Guinée","5611","Importations - Quantité","S2734","Viande de Volailles","2017","2017","Milliers de tonnes","37","I","Valeur imputée"
"FBS","Bilans Alimentaires (2010-)","324","Guinée","5301","Disponibilité intérieure","S2734","Viande de Volailles","2017","2017","Milliers de tonnes","27","I","Valeur imputée"
"FBS","Bilans Alimentaires (2010-)","624","Guinée-Bissau","5511","Production","S2734","Viande de Volailles","2017","2017","Milliers de tonnes","3","I","Valeur imputée"
"FBS","Bilans Alimentaires (2010-)","624","Guinée-Bissau","5611","Importations - Quantité","S2734","Viande de Volailles","2017","2017","Milliers de tonnes","4","I","Valeur imputée"
"FBS","Bilans Alimentaires (2010-)","624","Guinée-Bissau","5301","Disponibilité intérieure","S2734","Viande de Volailles","2017","2017","Milliers de tonnes","4","I","Valeur imputée"
"FBS","Bilans Alimentaires (2010-)","328","Guyana","5511","Production","S2734","Viande de Volailles","2017","2017","Milliers de tonnes","31","I","Valeur imputée"
"FBS","Bilans Alimentaires (2010-)","328","Guyana","5611","Importations - Quantité","S2734","Viande de Volailles","2017","2017","Milliers de tonnes","0","I","Valeur imputée"
"FBS","Bilans Alimentaires (2010-)","328","Guyana","5301","Disponibilité intérieure","S2734","Viande de Volailles","2017","2017","Milliers de tonnes","31","I","Valeur imputée"
"FBS","Bilans Alimentaires (2010-)","332","Haïti","5511","Production","S2734","Viande de Volailles","2017","2017","Milliers de tonnes","9","I","Valeur imputée"
"FBS","Bilans Alimentaires (2010-)","332","Haïti","5611","Importations - Quantité","S2734","Viande de Volailles","2017","2017","Milliers de tonnes","89","I","Valeur imputée"
"FBS","Bilans Alimentaires (2010-)","332","Haïti","5301","Disponibilité intérieure","S2734","Viande de Volailles","2017","2017","Milliers de tonnes","98","I","Valeur imputée"
"FBS","Bilans Alimentaires (2010-)","340","Honduras","5511","Production","S2734","Viande de Volailles","2017","2017","Milliers de tonnes","193","I","Valeur imputée"
"FBS","Bilans Alimentaires (2010-)","340","Honduras","5611","Importations - Quantité","S2734","Viande de Volailles","2017","2017","Milliers de tonnes","12","I","Valeur imputée"
"FBS","Bilans Alimentaires (2010-)","340","Honduras","5301","Disponibilité intérieure","S2734","Viande de Volailles","2017","2017","Milliers de tonnes","204","I","Valeur imputée"
"FBS","Bilans Alimentaires (2010-)","348","Hongrie","5511","Production","S2734","Viande de Volailles","2017","2017","Milliers de tonnes","493","I","Valeur imputée"
"FBS","Bilans Alimentaires (2010-)","348","Hongrie","5611","Importations - Quantité","S2734","Viande de Volailles","2017","2017","Milliers de tonnes","58","I","Valeur imputée"
"FBS","Bilans Alimentaires (2010-)","348","Hongrie","5301","Disponibilité intérieure","S2734","Viande de Volailles","2017","2017","Milliers de tonnes","264","I","Valeur imputée"
"FBS","Bilans Alimentaires (2010-)","090","Îles Salomon","5511","Production","S2734","Viande de Volailles","2017","2017","Milliers de tonnes","0","I","Valeur imputée"
"FBS","Bilans Alimentaires (2010-)","090","Îles Salomon","5611","Importations - Quantité","S2734","Viande de Volailles","2017","2017","Milliers de tonnes","5","I","Valeur imputée"
"FBS","Bilans Alimentaires (2010-)","090","Îles Salomon","5301","Disponibilité intérieure","S2734","Viande de Volailles","2017","2017","Milliers de tonnes","3","I","Valeur imputée"
"FBS","Bilans Alimentaires (2010-)","356","Inde","5511","Production","S2734","Viande de Volailles","2017","2017","Milliers de tonnes","3804","I","Valeur imputée"
"FBS","Bilans Alimentaires (2010-)","356","Inde","5611","Importations - Quantité","S2734","Viande de Volailles","2017","2017","Milliers de tonnes","0","I","Valeur imputée"
"FBS","Bilans Alimentaires (2010-)","356","Inde","5301","Disponibilité intérieure","S2734","Viande de Volailles","2017","2017","Milliers de tonnes","3800","I","Valeur imputée"
"FBS","Bilans Alimentaires (2010-)","360","Indonésie","5511","Production","S2734","Viande de Volailles","2017","2017","Milliers de tonnes","3218","I","Valeur imputée"
"FBS","Bilans Alimentaires (2010-)","360","Indonésie","5611","Importations - Quantité","S2734","Viande de Volailles","2017","2017","Milliers de tonnes","1","I","Valeur imputée"
"FBS","Bilans Alimentaires (2010-)","360","Indonésie","5301","Disponibilité intérieure","S2734","Viande de Volailles","2017","2017","Milliers de tonnes","2049","I","Valeur imputée"
"FBS","Bilans Alimentaires (2010-)","364","Iran (République islamique d')","5511","Production","S2734","Viande de Volailles","2017","2017","Milliers de tonnes","2194","I","Valeur imputée"
"FBS","Bilans Alimentaires (2010-)","364","Iran (République islamique d')","5611","Importations - Quantité","S2734","Viande de Volailles","2017","2017","Milliers de tonnes","6","I","Valeur imputée"
"FBS","Bilans Alimentaires (2010-)","364","Iran (République islamique d')","5301","Disponibilité intérieure","S2734","Viande de Volailles","2017","2017","Milliers de tonnes","2189","I","Valeur imputée"
"FBS","Bilans Alimentaires (2010-)","368","Iraq","5511","Production","S2734","Viande de Volailles","2017","2017","Milliers de tonnes","96","I","Valeur imputée"
"FBS","Bilans Alimentaires (2010-)","368","Iraq","5611","Importations - Quantité","S2734","Viande de Volailles","2017","2017","Milliers de tonnes","378","I","Valeur imputée"
"FBS","Bilans Alimentaires (2010-)","368","Iraq","5301","Disponibilité intérieure","S2734","Viande de Volailles","2017","2017","Milliers de tonnes","473","I","Valeur imputée"
"FBS","Bilans Alimentaires (2010-)","372","Irlande","5511","Production","S2734","Viande de Volailles","2017","2017","Milliers de tonnes","146","I","Valeur imputée"
"FBS","Bilans Alimentaires (2010-)","372","Irlande","5611","Importations - Quantité","S2734","Viande de Volailles","2017","2017","Milliers de tonnes","99","I","Valeur imputée"
"FBS","Bilans Alimentaires (2010-)","372","Irlande","5301","Disponibilité intérieure","S2734","Viande de Volailles","2017","2017","Milliers de tonnes","121","I","Valeur imputée"
"FBS","Bilans Alimentaires (2010-)","352","Islande","5511","Production","S2734","Viande de Volailles","2017","2017","Milliers de tonnes","10","I","Valeur imputée"
"FBS","Bilans Alimentaires (2010-)","352","Islande","5611","Importations - Quantité","S2734","Viande de Volailles","2017","2017","Milliers de tonnes","2","I","Valeur imputée"
"FBS","Bilans Alimentaires (2010-)","352","Islande","5301","Disponibilité intérieure","S2734","Viande de Volailles","2017","2017","Milliers de tonnes","10","I","Valeur imputée"
"FBS","Bilans Alimentaires (2010-)","376","Israël","5511","Production","S2734","Viande de Volailles","2017","2017","Milliers de tonnes","629","I","Valeur imputée"
"FBS","Bilans Alimentaires (2010-)","376","Israël","5611","Importations - Quantité","S2734","Viande de Volailles","2017","2017","Milliers de tonnes","0","I","Valeur imputée"
"FBS","Bilans Alimentaires (2010-)","376","Israël","5301","Disponibilité intérieure","S2734","Viande de Volailles","2017","2017","Milliers de tonnes","606","I","Valeur imputée"
"FBS","Bilans Alimentaires (2010-)","380","Italie","5511","Production","S2734","Viande de Volailles","2017","2017","Milliers de tonnes","1319","I","Valeur imputée"
"FBS","Bilans Alimentaires (2010-)","380","Italie","5611","Importations - Quantité","S2734","Viande de Volailles","2017","2017","Milliers de tonnes","97","I","Valeur imputée"
"FBS","Bilans Alimentaires (2010-)","380","Italie","5301","Disponibilité intérieure","S2734","Viande de Volailles","2017","2017","Milliers de tonnes","1172","I","Valeur imputée"
"FBS","Bilans Alimentaires (2010-)","388","Jamaïque","5511","Production","S2734","Viande de Volailles","2017","2017","Milliers de tonnes","128","I","Valeur imputée"
"FBS","Bilans Alimentaires (2010-)","388","Jamaïque","5611","Importations - Quantité","S2734","Viande de Volailles","2017","2017","Milliers de tonnes","31","I","Valeur imputée"
"FBS","Bilans Alimentaires (2010-)","388","Jamaïque","5301","Disponibilité intérieure","S2734","Viande de Volailles","2017","2017","Milliers de tonnes","152","I","Valeur imputée"
"FBS","Bilans Alimentaires (2010-)","392","Japon","5511","Production","S2734","Viande de Volailles","2017","2017","Milliers de tonnes","2215","I","Valeur imputée"
"FBS","Bilans Alimentaires (2010-)","392","Japon","5611","Importations - Quantité","S2734","Viande de Volailles","2017","2017","Milliers de tonnes","1069","I","Valeur imputée"
"FBS","Bilans Alimentaires (2010-)","392","Japon","5301","Disponibilité intérieure","S2734","Viande de Volailles","2017","2017","Milliers de tonnes","2415","I","Valeur imputée"
"FBS","Bilans Alimentaires (2010-)","400","Jordanie","5511","Production","S2734","Viande de Volailles","2017","2017","Milliers de tonnes","193","I","Valeur imputée"
"FBS","Bilans Alimentaires (2010-)","400","Jordanie","5611","Importations - Quantité","S2734","Viande de Volailles","2017","2017","Milliers de tonnes","64","I","Valeur imputée"
"FBS","Bilans Alimentaires (2010-)","400","Jordanie","5301","Disponibilité intérieure","S2734","Viande de Volailles","2017","2017","Milliers de tonnes","253","I","Valeur imputée"
"FBS","Bilans Alimentaires (2010-)","398","Kazakhstan","5511","Production","S2734","Viande de Volailles","2017","2017","Milliers de tonnes","171","I","Valeur imputée"
"FBS","Bilans Alimentaires (2010-)","398","Kazakhstan","5611","Importations - Quantité","S2734","Viande de Volailles","2017","2017","Milliers de tonnes","174","I","Valeur imputée"
"FBS","Bilans Alimentaires (2010-)","398","Kazakhstan","5301","Disponibilité intérieure","S2734","Viande de Volailles","2017","2017","Milliers de tonnes","328","I","Valeur imputée"
"FBS","Bilans Alimentaires (2010-)","404","Kenya","5511","Production","S2734","Viande de Volailles","2017","2017","Milliers de tonnes","106","I","Valeur imputée"
"FBS","Bilans Alimentaires (2010-)","404","Kenya","5611","Importations - Quantité","S2734","Viande de Volailles","2017","2017","Milliers de tonnes","0","I","Valeur imputée"
"FBS","Bilans Alimentaires (2010-)","404","Kenya","5301","Disponibilité intérieure","S2734","Viande de Volailles","2017","2017","Milliers de tonnes","107","I","Valeur imputée"
"FBS","Bilans Alimentaires (2010-)","417","Kirghizistan","5511","Production","S2734","Viande de Volailles","2017","2017","Milliers de tonnes","8","I","Valeur imputée"
"FBS","Bilans Alimentaires (2010-)","417","Kirghizistan","5611","Importations - Quantité","S2734","Viande de Volailles","2017","2017","Milliers de tonnes","25","I","Valeur imputée"
"FBS","Bilans Alimentaires (2010-)","417","Kirghizistan","5301","Disponibilité intérieure","S2734","Viande de Volailles","2017","2017","Milliers de tonnes","33","I","Valeur imputée"
"FBS","Bilans Alimentaires (2010-)","296","Kiribati","5511","Production","S2734","Viande de Volailles","2017","2017","Milliers de tonnes","1","I","Valeur imputée"
"FBS","Bilans Alimentaires (2010-)","296","Kiribati","5611","Importations - Quantité","S2734","Viande de Volailles","2017","2017","Milliers de tonnes","1","I","Valeur imputée"
"FBS","Bilans Alimentaires (2010-)","296","Kiribati","5301","Disponibilité intérieure","S2734","Viande de Volailles","2017","2017","Milliers de tonnes","2","I","Valeur imputée"
"FBS","Bilans Alimentaires (2010-)","414","Koweït","5511","Production","S2734","Viande de Volailles","2017","2017","Milliers de tonnes","56","I","Valeur imputée"
"FBS","Bilans Alimentaires (2010-)","414","Koweït","5611","Importations - Quantité","S2734","Viande de Volailles","2017","2017","Milliers de tonnes","137","I","Valeur imputée"
"FBS","Bilans Alimentaires (2010-)","414","Koweït","5301","Disponibilité intérieure","S2734","Viande de Volailles","2017","2017","Milliers de tonnes","189","I","Valeur imputée"
"FBS","Bilans Alimentaires (2010-)","426","Lesotho","5511","Production","S2734","Viande de Volailles","2017","2017","Milliers de tonnes","2","I","Valeur imputée"
"FBS","Bilans Alimentaires (2010-)","426","Lesotho","5611","Importations - Quantité","S2734","Viande de Volailles","2017","2017","Milliers de tonnes","11","I","Valeur imputée"
"FBS","Bilans Alimentaires (2010-)","426","Lesotho","5301","Disponibilité intérieure","S2734","Viande de Volailles","2017","2017","Milliers de tonnes","17","I","Valeur imputée"
"FBS","Bilans Alimentaires (2010-)","428","Lettonie","5511","Production","S2734","Viande de Volailles","2017","2017","Milliers de tonnes","33","I","Valeur imputée"
"FBS","Bilans Alimentaires (2010-)","428","Lettonie","5611","Importations - Quantité","S2734","Viande de Volailles","2017","2017","Milliers de tonnes","43","I","Valeur imputée"
"FBS","Bilans Alimentaires (2010-)","428","Lettonie","5301","Disponibilité intérieure","S2734","Viande de Volailles","2017","2017","Milliers de tonnes","41","I","Valeur imputée"
"FBS","Bilans Alimentaires (2010-)","422","Liban","5511","Production","S2734","Viande de Volailles","2017","2017","Milliers de tonnes","125","I","Valeur imputée"
"FBS","Bilans Alimentaires (2010-)","422","Liban","5611","Importations - Quantité","S2734","Viande de Volailles","2017","2017","Milliers de tonnes","13","I","Valeur imputée"
"FBS","Bilans Alimentaires (2010-)","422","Liban","5301","Disponibilité intérieure","S2734","Viande de Volailles","2017","2017","Milliers de tonnes","122","I","Valeur imputée"
"FBS","Bilans Alimentaires (2010-)","430","Libéria","5511","Production","S2734","Viande de Volailles","2017","2017","Milliers de tonnes","15","I","Valeur imputée"
"FBS","Bilans Alimentaires (2010-)","430","Libéria","5611","Importations - Quantité","S2734","Viande de Volailles","2017","2017","Milliers de tonnes","48","I","Valeur imputée"
"FBS","Bilans Alimentaires (2010-)","430","Libéria","5301","Disponibilité intérieure","S2734","Viande de Volailles","2017","2017","Milliers de tonnes","63","I","Valeur imputée"
"FBS","Bilans Alimentaires (2010-)","434","Libye","5511","Production","S2734","Viande de Volailles","2017","2017","Milliers de tonnes","128","I","Valeur imputée"
"FBS","Bilans Alimentaires (2010-)","434","Libye","5611","Importations - Quantité","S2734","Viande de Volailles","2017","2017","Milliers de tonnes","57","I","Valeur imputée"
"FBS","Bilans Alimentaires (2010-)","434","Libye","5301","Disponibilité intérieure","S2734","Viande de Volailles","2017","2017","Milliers de tonnes","185","I","Valeur imputée"
"FBS","Bilans Alimentaires (2010-)","440","Lituanie","5511","Production","S2734","Viande de Volailles","2017","2017","Milliers de tonnes","134","I","Valeur imputée"
"FBS","Bilans Alimentaires (2010-)","440","Lituanie","5611","Importations - Quantité","S2734","Viande de Volailles","2017","2017","Milliers de tonnes","44","I","Valeur imputée"
"FBS","Bilans Alimentaires (2010-)","440","Lituanie","5301","Disponibilité intérieure","S2734","Viande de Volailles","2017","2017","Milliers de tonnes","82","I","Valeur imputée"
"FBS","Bilans Alimentaires (2010-)","442","Luxembourg","5511","Production","S2734","Viande de Volailles","2017","2017","Milliers de tonnes","0","I","Valeur imputée"
"FBS","Bilans Alimentaires (2010-)","442","Luxembourg","5611","Importations - Quantité","S2734","Viande de Volailles","2017","2017","Milliers de tonnes","11","I","Valeur imputée"
"FBS","Bilans Alimentaires (2010-)","442","Luxembourg","5301","Disponibilité intérieure","S2734","Viande de Volailles","2017","2017","Milliers de tonnes","11","I","Valeur imputée"
"FBS","Bilans Alimentaires (2010-)","807","Macédoine du Nord","5511","Production","S2734","Viande de Volailles","2017","2017","Milliers de tonnes","2","I","Valeur imputée"
"FBS","Bilans Alimentaires (2010-)","807","Macédoine du Nord","5611","Importations - Quantité","S2734","Viande de Volailles","2017","2017","Milliers de tonnes","40","I","Valeur imputée"
"FBS","Bilans Alimentaires (2010-)","807","Macédoine du Nord","5301","Disponibilité intérieure","S2734","Viande de Volailles","2017","2017","Milliers de tonnes","41","I","Valeur imputée"
"FBS","Bilans Alimentaires (2010-)","450","Madagascar","5511","Production","S2734","Viande de Volailles","2017","2017","Milliers de tonnes","84","I","Valeur imputée"
"FBS","Bilans Alimentaires (2010-)","450","Madagascar","5611","Importations - Quantité","S2734","Viande de Volailles","2017","2017","Milliers de tonnes","0","I","Valeur imputée"
"FBS","Bilans Alimentaires (2010-)","450","Madagascar","5301","Disponibilité intérieure","S2734","Viande de Volailles","2017","2017","Milliers de tonnes","85","I","Valeur imputée"
"FBS","Bilans Alimentaires (2010-)","458","Malaisie","5511","Production","S2734","Viande de Volailles","2017","2017","Milliers de tonnes","1665","I","Valeur imputée"
"FBS","Bilans Alimentaires (2010-)","458","Malaisie","5611","Importations - Quantité","S2734","Viande de Volailles","2017","2017","Milliers de tonnes","68","I","Valeur imputée"
"FBS","Bilans Alimentaires (2010-)","458","Malaisie","5301","Disponibilité intérieure","S2734","Viande de Volailles","2017","2017","Milliers de tonnes","1518","I","Valeur imputée"
"FBS","Bilans Alimentaires (2010-)","454","Malawi","5511","Production","S2734","Viande de Volailles","2017","2017","Milliers de tonnes","130","I","Valeur imputée"
"FBS","Bilans Alimentaires (2010-)","454","Malawi","5611","Importations - Quantité","S2734","Viande de Volailles","2017","2017","Milliers de tonnes","0","I","Valeur imputée"
"FBS","Bilans Alimentaires (2010-)","454","Malawi","5301","Disponibilité intérieure","S2734","Viande de Volailles","2017","2017","Milliers de tonnes","130","I","Valeur imputée"
"FBS","Bilans Alimentaires (2010-)","462","Maldives","5611","Importations - Quantité","S2734","Viande de Volailles","2017","2017","Milliers de tonnes","12","I","Valeur imputée"
"FBS","Bilans Alimentaires (2010-)","462","Maldives","5301","Disponibilité intérieure","S2734","Viande de Volailles","2017","2017","Milliers de tonnes","11","I","Valeur imputée"
"FBS","Bilans Alimentaires (2010-)","466","Mali","5511","Production","S2734","Viande de Volailles","2017","2017","Milliers de tonnes","48","I","Valeur imputée"
"FBS","Bilans Alimentaires (2010-)","466","Mali","5611","Importations - Quantité","S2734","Viande de Volailles","2017","2017","Milliers de tonnes","1","I","Valeur imputée"
"FBS","Bilans Alimentaires (2010-)","466","Mali","5301","Disponibilité intérieure","S2734","Viande de Volailles","2017","2017","Milliers de tonnes","55","I","Valeur imputée"
"FBS","Bilans Alimentaires (2010-)","470","Malte","5511","Production","S2734","Viande de Volailles","2017","2017","Milliers de tonnes","4","I","Valeur imputée"
"FBS","Bilans Alimentaires (2010-)","470","Malte","5611","Importations - Quantité","S2734","Viande de Volailles","2017","2017","Milliers de tonnes","9","I","Valeur imputée"
"FBS","Bilans Alimentaires (2010-)","470","Malte","5301","Disponibilité intérieure","S2734","Viande de Volailles","2017","2017","Milliers de tonnes","14","I","Valeur imputée"
"FBS","Bilans Alimentaires (2010-)","504","Maroc","5511","Production","S2734","Viande de Volailles","2017","2017","Milliers de tonnes","745","I","Valeur imputée"
"FBS","Bilans Alimentaires (2010-)","504","Maroc","5611","Importations - Quantité","S2734","Viande de Volailles","2017","2017","Milliers de tonnes","3","I","Valeur imputée"
"FBS","Bilans Alimentaires (2010-)","504","Maroc","5301","Disponibilité intérieure","S2734","Viande de Volailles","2017","2017","Milliers de tonnes","730","I","Valeur imputée"
"FBS","Bilans Alimentaires (2010-)","480","Maurice","5511","Production","S2734","Viande de Volailles","2017","2017","Milliers de tonnes","48","I","Valeur imputée"
"FBS","Bilans Alimentaires (2010-)","480","Maurice","5611","Importations - Quantité","S2734","Viande de Volailles","2017","2017","Milliers de tonnes","2","I","Valeur imputée"
"FBS","Bilans Alimentaires (2010-)","480","Maurice","5301","Disponibilité intérieure","S2734","Viande de Volailles","2017","2017","Milliers de tonnes","49","I","Valeur imputée"
"FBS","Bilans Alimentaires (2010-)","478","Mauritanie","5511","Production","S2734","Viande de Volailles","2017","2017","Milliers de tonnes","5","I","Valeur imputée"
"FBS","Bilans Alimentaires (2010-)","478","Mauritanie","5611","Importations - Quantité","S2734","Viande de Volailles","2017","2017","Milliers de tonnes","24","I","Valeur imputée"
"FBS","Bilans Alimentaires (2010-)","478","Mauritanie","5301","Disponibilité intérieure","S2734","Viande de Volailles","2017","2017","Milliers de tonnes","22","I","Valeur imputée"
"FBS","Bilans Alimentaires (2010-)","484","Mexique","5511","Production","S2734","Viande de Volailles","2017","2017","Milliers de tonnes","3249","I","Valeur imputée"
"FBS","Bilans Alimentaires (2010-)","484","Mexique","5611","Importations - Quantité","S2734","Viande de Volailles","2017","2017","Milliers de tonnes","972","I","Valeur imputée"
"FBS","Bilans Alimentaires (2010-)","484","Mexique","5301","Disponibilité intérieure","S2734","Viande de Volailles","2017","2017","Milliers de tonnes","4214","I","Valeur imputée"
"FBS","Bilans Alimentaires (2010-)","496","Mongolie","5511","Production","S2734","Viande de Volailles","2017","2017","Milliers de tonnes","0","I","Valeur imputée"
"FBS","Bilans Alimentaires (2010-)","496","Mongolie","5611","Importations - Quantité","S2734","Viande de Volailles","2017","2017","Milliers de tonnes","10","I","Valeur imputée"
"FBS","Bilans Alimentaires (2010-)","496","Mongolie","5301","Disponibilité intérieure","S2734","Viande de Volailles","2017","2017","Milliers de tonnes","9","I","Valeur imputée"
"FBS","Bilans Alimentaires (2010-)","499","Monténégro","5511","Production","S2734","Viande de Volailles","2017","2017","Milliers de tonnes","4","I","Valeur imputée"
"FBS","Bilans Alimentaires (2010-)","499","Monténégro","5611","Importations - Quantité","S2734","Viande de Volailles","2017","2017","Milliers de tonnes","8","I","Valeur imputée"
"FBS","Bilans Alimentaires (2010-)","499","Monténégro","5301","Disponibilité intérieure","S2734","Viande de Volailles","2017","2017","Milliers de tonnes","10","I","Valeur imputée"
"FBS","Bilans Alimentaires (2010-)","508","Mozambique","5511","Production","S2734","Viande de Volailles","2017","2017","Milliers de tonnes","92","I","Valeur imputée"
"FBS","Bilans Alimentaires (2010-)","508","Mozambique","5611","Importations - Quantité","S2734","Viande de Volailles","2017","2017","Milliers de tonnes","24","I","Valeur imputée"
"FBS","Bilans Alimentaires (2010-)","508","Mozambique","5301","Disponibilité intérieure","S2734","Viande de Volailles","2017","2017","Milliers de tonnes","115","I","Valeur imputée"
"FBS","Bilans Alimentaires (2010-)","104","Myanmar","5511","Production","S2734","Viande de Volailles","2017","2017","Milliers de tonnes","1733","I","Valeur imputée"
"FBS","Bilans Alimentaires (2010-)","104","Myanmar","5611","Importations - Quantité","S2734","Viande de Volailles","2017","2017","Milliers de tonnes","0","I","Valeur imputée"
"FBS","Bilans Alimentaires (2010-)","104","Myanmar","5301","Disponibilité intérieure","S2734","Viande de Volailles","2017","2017","Milliers de tonnes","1733","I","Valeur imputée"
"FBS","Bilans Alimentaires (2010-)","516","Namibie","5511","Production","S2734","Viande de Volailles","2017","2017","Milliers de tonnes","10","I","Valeur imputée"
"FBS","Bilans Alimentaires (2010-)","516","Namibie","5611","Importations - Quantité","S2734","Viande de Volailles","2017","2017","Milliers de tonnes","29","I","Valeur imputée"
"FBS","Bilans Alimentaires (2010-)","516","Namibie","5301","Disponibilité intérieure","S2734","Viande de Volailles","2017","2017","Milliers de tonnes","27","I","Valeur imputée"
"FBS","Bilans Alimentaires (2010-)","524","Népal","5511","Production","S2734","Viande de Volailles","2017","2017","Milliers de tonnes","58","I","Valeur imputée"
"FBS","Bilans Alimentaires (2010-)","524","Népal","5611","Importations - Quantité","S2734","Viande de Volailles","2017","2017","Milliers de tonnes","0","I","Valeur imputée"
"FBS","Bilans Alimentaires (2010-)","524","Népal","5301","Disponibilité intérieure","S2734","Viande de Volailles","2017","2017","Milliers de tonnes","58","I","Valeur imputée"
"FBS","Bilans Alimentaires (2010-)","558","Nicaragua","5511","Production","S2734","Viande de Volailles","2017","2017","Milliers de tonnes","143","I","Valeur imputée"
"FBS","Bilans Alimentaires (2010-)","558","Nicaragua","5611","Importations - Quantité","S2734","Viande de Volailles","2017","2017","Milliers de tonnes","6","I","Valeur imputée"
"FBS","Bilans Alimentaires (2010-)","558","Nicaragua","5301","Disponibilité intérieure","S2734","Viande de Volailles","2017","2017","Milliers de tonnes","138","I","Valeur imputée"
"FBS","Bilans Alimentaires (2010-)","562","Niger","5511","Production","S2734","Viande de Volailles","2017","2017","Milliers de tonnes","18","I","Valeur imputée"
"FBS","Bilans Alimentaires (2010-)","562","Niger","5611","Importations - Quantité","S2734","Viande de Volailles","2017","2017","Milliers de tonnes","3","I","Valeur imputée"
"FBS","Bilans Alimentaires (2010-)","562","Niger","5301","Disponibilité intérieure","S2734","Viande de Volailles","2017","2017","Milliers de tonnes","23","I","Valeur imputée"
"FBS","Bilans Alimentaires (2010-)","566","Nigéria","5511","Production","S2734","Viande de Volailles","2017","2017","Milliers de tonnes","258","I","Valeur imputée"
"FBS","Bilans Alimentaires (2010-)","566","Nigéria","5611","Importations - Quantité","S2734","Viande de Volailles","2017","2017","Milliers de tonnes","16","I","Valeur imputée"
"FBS","Bilans Alimentaires (2010-)","566","Nigéria","5301","Disponibilité intérieure","S2734","Viande de Volailles","2017","2017","Milliers de tonnes","273","I","Valeur imputée"
"FBS","Bilans Alimentaires (2010-)","578","Norvège","5511","Production","S2734","Viande de Volailles","2017","2017","Milliers de tonnes","101","I","Valeur imputée"
"FBS","Bilans Alimentaires (2010-)","578","Norvège","5611","Importations - Quantité","S2734","Viande de Volailles","2017","2017","Milliers de tonnes","2","I","Valeur imputée"
"FBS","Bilans Alimentaires (2010-)","578","Norvège","5301","Disponibilité intérieure","S2734","Viande de Volailles","2017","2017","Milliers de tonnes","111","I","Valeur imputée"
"FBS","Bilans Alimentaires (2010-)","540","Nouvelle-Calédonie","5511","Production","S2734","Viande de Volailles","2017","2017","Milliers de tonnes","1","I","Valeur imputée"
"FBS","Bilans Alimentaires (2010-)","540","Nouvelle-Calédonie","5611","Importations - Quantité","S2734","Viande de Volailles","2017","2017","Milliers de tonnes","9","I","Valeur imputée"
"FBS","Bilans Alimentaires (2010-)","540","Nouvelle-Calédonie","5301","Disponibilité intérieure","S2734","Viande de Volailles","2017","2017","Milliers de tonnes","10","I","Valeur imputée"
"FBS","Bilans Alimentaires (2010-)","554","Nouvelle-Zélande","5511","Production","S2734","Viande de Volailles","2017","2017","Milliers de tonnes","223","I","Valeur imputée"
"FBS","Bilans Alimentaires (2010-)","554","Nouvelle-Zélande","5611","Importations - Quantité","S2734","Viande de Volailles","2017","2017","Milliers de tonnes","1","I","Valeur imputée"
"FBS","Bilans Alimentaires (2010-)","554","Nouvelle-Zélande","5301","Disponibilité intérieure","S2734","Viande de Volailles","2017","2017","Milliers de tonnes","200","I","Valeur imputée"
"FBS","Bilans Alimentaires (2010-)","512","Oman","5511","Production","S2734","Viande de Volailles","2017","2017","Milliers de tonnes","6","I","Valeur imputée"
"FBS","Bilans Alimentaires (2010-)","512","Oman","5611","Importations - Quantité","S2734","Viande de Volailles","2017","2017","Milliers de tonnes","126","I","Valeur imputée"
"FBS","Bilans Alimentaires (2010-)","512","Oman","5301","Disponibilité intérieure","S2734","Viande de Volailles","2017","2017","Milliers de tonnes","114","I","Valeur imputée"
"FBS","Bilans Alimentaires (2010-)","800","Ouganda","5511","Production","S2734","Viande de Volailles","2017","2017","Milliers de tonnes","65","I","Valeur imputée"
"FBS","Bilans Alimentaires (2010-)","800","Ouganda","5611","Importations - Quantité","S2734","Viande de Volailles","2017","2017","Milliers de tonnes","0","I","Valeur imputée"
"FBS","Bilans Alimentaires (2010-)","800","Ouganda","5301","Disponibilité intérieure","S2734","Viande de Volailles","2017","2017","Milliers de tonnes","66","I","Valeur imputée"
"FBS","Bilans Alimentaires (2010-)","860","Ouzbékistan","5511","Production","S2734","Viande de Volailles","2017","2017","Milliers de tonnes","58","I","Valeur imputée"
"FBS","Bilans Alimentaires (2010-)","860","Ouzbékistan","5611","Importations - Quantité","S2734","Viande de Volailles","2017","2017","Milliers de tonnes","8","I","Valeur imputée"
"FBS","Bilans Alimentaires (2010-)","860","Ouzbékistan","5301","Disponibilité intérieure","S2734","Viande de Volailles","2017","2017","Milliers de tonnes","67","I","Valeur imputée"
"FBS","Bilans Alimentaires (2010-)","586","Pakistan","5511","Production","S2734","Viande de Volailles","2017","2017","Milliers de tonnes","1281","I","Valeur imputée"
"FBS","Bilans Alimentaires (2010-)","586","Pakistan","5611","Importations - Quantité","S2734","Viande de Volailles","2017","2017","Milliers de tonnes","2","I","Valeur imputée"
"FBS","Bilans Alimentaires (2010-)","586","Pakistan","5301","Disponibilité intérieure","S2734","Viande de Volailles","2017","2017","Milliers de tonnes","1004","I","Valeur imputée"
"FBS","Bilans Alimentaires (2010-)","591","Panama","5511","Production","S2734","Viande de Volailles","2017","2017","Milliers de tonnes","198","I","Valeur imputée"
"FBS","Bilans Alimentaires (2010-)","591","Panama","5611","Importations - Quantité","S2734","Viande de Volailles","2017","2017","Milliers de tonnes","20","I","Valeur imputée"
"FBS","Bilans Alimentaires (2010-)","591","Panama","5301","Disponibilité intérieure","S2734","Viande de Volailles","2017","2017","Milliers de tonnes","192","I","Valeur imputée"
"FBS","Bilans Alimentaires (2010-)","598","Papouasie-Nouvelle-Guinée","5511","Production","S2734","Viande de Volailles","2017","2017","Milliers de tonnes","7","I","Valeur imputée"
"FBS","Bilans Alimentaires (2010-)","598","Papouasie-Nouvelle-Guinée","5611","Importations - Quantité","S2734","Viande de Volailles","2017","2017","Milliers de tonnes","24","I","Valeur imputée"
"FBS","Bilans Alimentaires (2010-)","598","Papouasie-Nouvelle-Guinée","5301","Disponibilité intérieure","S2734","Viande de Volailles","2017","2017","Milliers de tonnes","23","I","Valeur imputée"
"FBS","Bilans Alimentaires (2010-)","600","Paraguay","5511","Production","S2734","Viande de Volailles","2017","2017","Milliers de tonnes","69","I","Valeur imputée"
"FBS","Bilans Alimentaires (2010-)","600","Paraguay","5611","Importations - Quantité","S2734","Viande de Volailles","2017","2017","Milliers de tonnes","1","I","Valeur imputée"
"FBS","Bilans Alimentaires (2010-)","600","Paraguay","5301","Disponibilité intérieure","S2734","Viande de Volailles","2017","2017","Milliers de tonnes","65","I","Valeur imputée"
"FBS","Bilans Alimentaires (2010-)","528","Pays-Bas","5511","Production","S2734","Viande de Volailles","2017","2017","Milliers de tonnes","1099","I","Valeur imputée"
"FBS","Bilans Alimentaires (2010-)","528","Pays-Bas","5611","Importations - Quantité","S2734","Viande de Volailles","2017","2017","Milliers de tonnes","608","I","Valeur imputée"
"FBS","Bilans Alimentaires (2010-)","528","Pays-Bas","5301","Disponibilité intérieure","S2734","Viande de Volailles","2017","2017","Milliers de tonnes","289","I","Valeur imputée"
"FBS","Bilans Alimentaires (2010-)","604","Pérou","5511","Production","S2734","Viande de Volailles","2017","2017","Milliers de tonnes","1465","I","Valeur imputée"
"FBS","Bilans Alimentaires (2010-)","604","Pérou","5611","Importations - Quantité","S2734","Viande de Volailles","2017","2017","Milliers de tonnes","60","I","Valeur imputée"
"FBS","Bilans Alimentaires (2010-)","604","Pérou","5301","Disponibilité intérieure","S2734","Viande de Volailles","2017","2017","Milliers de tonnes","1523","I","Valeur imputée"
"FBS","Bilans Alimentaires (2010-)","608","Philippines","5511","Production","S2734","Viande de Volailles","2017","2017","Milliers de tonnes","1285","I","Valeur imputée"
"FBS","Bilans Alimentaires (2010-)","608","Philippines","5611","Importations - Quantité","S2734","Viande de Volailles","2017","2017","Milliers de tonnes","249","I","Valeur imputée"
"FBS","Bilans Alimentaires (2010-)","608","Philippines","5301","Disponibilité intérieure","S2734","Viande de Volailles","2017","2017","Milliers de tonnes","1321","I","Valeur imputée"
"FBS","Bilans Alimentaires (2010-)","616","Pologne","5511","Production","S2734","Viande de Volailles","2017","2017","Milliers de tonnes","2325","I","Valeur imputée"
"FBS","Bilans Alimentaires (2010-)","616","Pologne","5611","Importations - Quantité","S2734","Viande de Volailles","2017","2017","Milliers de tonnes","55","I","Valeur imputée"
"FBS","Bilans Alimentaires (2010-)","616","Pologne","5301","Disponibilité intérieure","S2734","Viande de Volailles","2017","2017","Milliers de tonnes","1327","I","Valeur imputée"
"FBS","Bilans Alimentaires (2010-)","258","Polynésie française","5511","Production","S2734","Viande de Volailles","2017","2017","Milliers de tonnes","1","I","Valeur imputée"
"FBS","Bilans Alimentaires (2010-)","258","Polynésie française","5611","Importations - Quantité","S2734","Viande de Volailles","2017","2017","Milliers de tonnes","15","I","Valeur imputée"
"FBS","Bilans Alimentaires (2010-)","258","Polynésie française","5301","Disponibilité intérieure","S2734","Viande de Volailles","2017","2017","Milliers de tonnes","15","I","Valeur imputée"
"FBS","Bilans Alimentaires (2010-)","620","Portugal","5511","Production","S2734","Viande de Volailles","2017","2017","Milliers de tonnes","361","I","Valeur imputée"
"FBS","Bilans Alimentaires (2010-)","620","Portugal","5611","Importations - Quantité","S2734","Viande de Volailles","2017","2017","Milliers de tonnes","82","I","Valeur imputée"
"FBS","Bilans Alimentaires (2010-)","620","Portugal","5301","Disponibilité intérieure","S2734","Viande de Volailles","2017","2017","Milliers de tonnes","325","I","Valeur imputée"
"FBS","Bilans Alimentaires (2010-)","760","République arabe syrienne","5511","Production","S2734","Viande de Volailles","2017","2017","Milliers de tonnes","122","I","Valeur imputée"
"FBS","Bilans Alimentaires (2010-)","760","République arabe syrienne","5611","Importations - Quantité","S2734","Viande de Volailles","2017","2017","Milliers de tonnes","33","I","Valeur imputée"
"FBS","Bilans Alimentaires (2010-)","760","République arabe syrienne","5301","Disponibilité intérieure","S2734","Viande de Volailles","2017","2017","Milliers de tonnes","131","I","Valeur imputée"
"FBS","Bilans Alimentaires (2010-)","140","République centrafricaine","5511","Production","S2734","Viande de Volailles","2017","2017","Milliers de tonnes","7","I","Valeur imputée"
"FBS","Bilans Alimentaires (2010-)","140","République centrafricaine","5611","Importations - Quantité","S2734","Viande de Volailles","2017","2017","Milliers de tonnes","5","I","Valeur imputée"
"FBS","Bilans Alimentaires (2010-)","140","République centrafricaine","5301","Disponibilité intérieure","S2734","Viande de Volailles","2017","2017","Milliers de tonnes","11","I","Valeur imputée"
"FBS","Bilans Alimentaires (2010-)","410","République de Corée","5511","Production","S2734","Viande de Volailles","2017","2017","Milliers de tonnes","838","I","Valeur imputée"
"FBS","Bilans Alimentaires (2010-)","410","République de Corée","5611","Importations - Quantité","S2734","Viande de Volailles","2017","2017","Milliers de tonnes","137","I","Valeur imputée"
"FBS","Bilans Alimentaires (2010-)","410","République de Corée","5301","Disponibilité intérieure","S2734","Viande de Volailles","2017","2017","Milliers de tonnes","968","I","Valeur imputée"
"FBS","Bilans Alimentaires (2010-)","498","République de Moldova","5511","Production","S2734","Viande de Volailles","2017","2017","Milliers de tonnes","45","I","Valeur imputée"
"FBS","Bilans Alimentaires (2010-)","498","République de Moldova","5611","Importations - Quantité","S2734","Viande de Volailles","2017","2017","Milliers de tonnes","16","I","Valeur imputée"
"FBS","Bilans Alimentaires (2010-)","498","République de Moldova","5301","Disponibilité intérieure","S2734","Viande de Volailles","2017","2017","Milliers de tonnes","65","I","Valeur imputée"
"FBS","Bilans Alimentaires (2010-)","180","République démocratique du Congo","5511","Production","S2734","Viande de Volailles","2017","2017","Milliers de tonnes","10","I","Valeur imputée"
"FBS","Bilans Alimentaires (2010-)","180","République démocratique du Congo","5611","Importations - Quantité","S2734","Viande de Volailles","2017","2017","Milliers de tonnes","109","I","Valeur imputée"
"FBS","Bilans Alimentaires (2010-)","180","République démocratique du Congo","5301","Disponibilité intérieure","S2734","Viande de Volailles","2017","2017","Milliers de tonnes","119","I","Valeur imputée"
"FBS","Bilans Alimentaires (2010-)","418","République démocratique populaire lao","5511","Production","S2734","Viande de Volailles","2017","2017","Milliers de tonnes","33","I","Valeur imputée"
"FBS","Bilans Alimentaires (2010-)","418","République démocratique populaire lao","5611","Importations - Quantité","S2734","Viande de Volailles","2017","2017","Milliers de tonnes","5","I","Valeur imputée"
"FBS","Bilans Alimentaires (2010-)","418","République démocratique populaire lao","5301","Disponibilité intérieure","S2734","Viande de Volailles","2017","2017","Milliers de tonnes","38","I","Valeur imputée"
"FBS","Bilans Alimentaires (2010-)","214","République dominicaine","5511","Production","S2734","Viande de Volailles","2017","2017","Milliers de tonnes","339","I","Valeur imputée"
"FBS","Bilans Alimentaires (2010-)","214","République dominicaine","5611","Importations - Quantité","S2734","Viande de Volailles","2017","2017","Milliers de tonnes","42","I","Valeur imputée"
"FBS","Bilans Alimentaires (2010-)","214","République dominicaine","5301","Disponibilité intérieure","S2734","Viande de Volailles","2017","2017","Milliers de tonnes","374","I","Valeur imputée"
"FBS","Bilans Alimentaires (2010-)","408","République populaire démocratique de Corée","5511","Production","S2734","Viande de Volailles","2017","2017","Milliers de tonnes","43","I","Valeur imputée"
"FBS","Bilans Alimentaires (2010-)","408","République populaire démocratique de Corée","5301","Disponibilité intérieure","S2734","Viande de Volailles","2017","2017","Milliers de tonnes","43","I","Valeur imputée"
"FBS","Bilans Alimentaires (2010-)","834","République-Unie de Tanzanie","5511","Production","S2734","Viande de Volailles","2017","2017","Milliers de tonnes","65","I","Valeur imputée"
"FBS","Bilans Alimentaires (2010-)","834","République-Unie de Tanzanie","5611","Importations - Quantité","S2734","Viande de Volailles","2017","2017","Milliers de tonnes","2","I","Valeur imputée"
"FBS","Bilans Alimentaires (2010-)","834","République-Unie de Tanzanie","5301","Disponibilité intérieure","S2734","Viande de Volailles","2017","2017","Milliers de tonnes","68","I","Valeur imputée"
"FBS","Bilans Alimentaires (2010-)","642","Roumanie","5511","Production","S2734","Viande de Volailles","2017","2017","Milliers de tonnes","436","I","Valeur imputée"
"FBS","Bilans Alimentaires (2010-)","642","Roumanie","5611","Importations - Quantité","S2734","Viande de Volailles","2017","2017","Milliers de tonnes","146","I","Valeur imputée"
"FBS","Bilans Alimentaires (2010-)","642","Roumanie","5301","Disponibilité intérieure","S2734","Viande de Volailles","2017","2017","Milliers de tonnes","455","I","Valeur imputée"
"FBS","Bilans Alimentaires (2010-)","826","Royaume-Uni de Grande-Bretagne et d'Irlande du Nord","5511","Production","S2734","Viande de Volailles","2017","2017","Milliers de tonnes","1839","I","Valeur imputée"
"FBS","Bilans Alimentaires (2010-)","826","Royaume-Uni de Grande-Bretagne et d'Irlande du Nord","5611","Importations - Quantité","S2734","Viande de Volailles","2017","2017","Milliers de tonnes","779","I","Valeur imputée"
"FBS","Bilans Alimentaires (2010-)","826","Royaume-Uni de Grande-Bretagne et d'Irlande du Nord","5301","Disponibilité intérieure","S2734","Viande de Volailles","2017","2017","Milliers de tonnes","2275","I","Valeur imputée"
"FBS","Bilans Alimentaires (2010-)","646","Rwanda","5511","Production","S2734","Viande de Volailles","2017","2017","Milliers de tonnes","18","I","Valeur imputée"
"FBS","Bilans Alimentaires (2010-)","646","Rwanda","5611","Importations - Quantité","S2734","Viande de Volailles","2017","2017","Milliers de tonnes","0","I","Valeur imputée"
"FBS","Bilans Alimentaires (2010-)","646","Rwanda","5301","Disponibilité intérieure","S2734","Viande de Volailles","2017","2017","Milliers de tonnes","19","I","Valeur imputée"
"FBS","Bilans Alimentaires (2010-)","662","Sainte-Lucie","5511","Production","S2734","Viande de Volailles","2017","2017","Milliers de tonnes","2","I","Valeur imputée"
"FBS","Bilans Alimentaires (2010-)","662","Sainte-Lucie","5611","Importations - Quantité","S2734","Viande de Volailles","2017","2017","Milliers de tonnes","10","I","Valeur imputée"
"FBS","Bilans Alimentaires (2010-)","662","Sainte-Lucie","5301","Disponibilité intérieure","S2734","Viande de Volailles","2017","2017","Milliers de tonnes","11","I","Valeur imputée"
"FBS","Bilans Alimentaires (2010-)","659","Saint-Kitts-et-Nevis","5511","Production","S2734","Viande de Volailles","2017","2017","Milliers de tonnes","0","I","Valeur imputée"
"FBS","Bilans Alimentaires (2010-)","659","Saint-Kitts-et-Nevis","5611","Importations - Quantité","S2734","Viande de Volailles","2017","2017","Milliers de tonnes","4","I","Valeur imputée"
"FBS","Bilans Alimentaires (2010-)","659","Saint-Kitts-et-Nevis","5301","Disponibilité intérieure","S2734","Viande de Volailles","2017","2017","Milliers de tonnes","4","I","Valeur imputée"
"FBS","Bilans Alimentaires (2010-)","670","Saint-Vincent-et-les Grenadines","5511","Production","S2734","Viande de Volailles","2017","2017","Milliers de tonnes","0","I","Valeur imputée"
"FBS","Bilans Alimentaires (2010-)","670","Saint-Vincent-et-les Grenadines","5611","Importations - Quantité","S2734","Viande de Volailles","2017","2017","Milliers de tonnes","9","I","Valeur imputée"
"FBS","Bilans Alimentaires (2010-)","670","Saint-Vincent-et-les Grenadines","5301","Disponibilité intérieure","S2734","Viande de Volailles","2017","2017","Milliers de tonnes","9","I","Valeur imputée"
"FBS","Bilans Alimentaires (2010-)","882","Samoa","5511","Production","S2734","Viande de Volailles","2017","2017","Milliers de tonnes","0","I","Valeur imputée"
"FBS","Bilans Alimentaires (2010-)","882","Samoa","5611","Importations - Quantité","S2734","Viande de Volailles","2017","2017","Milliers de tonnes","17","I","Valeur imputée"
"FBS","Bilans Alimentaires (2010-)","882","Samoa","5301","Disponibilité intérieure","S2734","Viande de Volailles","2017","2017","Milliers de tonnes","15","I","Valeur imputée"
"FBS","Bilans Alimentaires (2010-)","678","Sao Tomé-et-Principe","5511","Production","S2734","Viande de Volailles","2017","2017","Milliers de tonnes","1","I","Valeur imputée"
"FBS","Bilans Alimentaires (2010-)","678","Sao Tomé-et-Principe","5611","Importations - Quantité","S2734","Viande de Volailles","2017","2017","Milliers de tonnes","2","I","Valeur imputée"
"FBS","Bilans Alimentaires (2010-)","678","Sao Tomé-et-Principe","5301","Disponibilité intérieure","S2734","Viande de Volailles","2017","2017","Milliers de tonnes","2","I","Valeur imputée"
"FBS","Bilans Alimentaires (2010-)","686","Sénégal","5511","Production","S2734","Viande de Volailles","2017","2017","Milliers de tonnes","95","I","Valeur imputée"
"FBS","Bilans Alimentaires (2010-)","686","Sénégal","5611","Importations - Quantité","S2734","Viande de Volailles","2017","2017","Milliers de tonnes","0","I","Valeur imputée"
"FBS","Bilans Alimentaires (2010-)","686","Sénégal","5301","Disponibilité intérieure","S2734","Viande de Volailles","2017","2017","Milliers de tonnes","96","I","Valeur imputée"
"FBS","Bilans Alimentaires (2010-)","688","Serbie","5511","Production","S2734","Viande de Volailles","2017","2017","Milliers de tonnes","85","I","Valeur imputée"
"FBS","Bilans Alimentaires (2010-)","688","Serbie","5611","Importations - Quantité","S2734","Viande de Volailles","2017","2017","Milliers de tonnes","12","I","Valeur imputée"
"FBS","Bilans Alimentaires (2010-)","688","Serbie","5301","Disponibilité intérieure","S2734","Viande de Volailles","2017","2017","Milliers de tonnes","90","I","Valeur imputée"
"FBS","Bilans Alimentaires (2010-)","690","Seychelles","5511","Production","S2734","Viande de Volailles","2017","2017","Milliers de tonnes","1","I","Valeur imputée"
"FBS","Bilans Alimentaires (2010-)","690","Seychelles","5611","Importations - Quantité","S2734","Viande de Volailles","2017","2017","Milliers de tonnes","3","I","Valeur imputée"
"FBS","Bilans Alimentaires (2010-)","690","Seychelles","5301","Disponibilité intérieure","S2734","Viande de Volailles","2017","2017","Milliers de tonnes","4","I","Valeur imputée"
"FBS","Bilans Alimentaires (2010-)","694","Sierra Leone","5511","Production","S2734","Viande de Volailles","2017","2017","Milliers de tonnes","17","I","Valeur imputée"
"FBS","Bilans Alimentaires (2010-)","694","Sierra Leone","5611","Importations - Quantité","S2734","Viande de Volailles","2017","2017","Milliers de tonnes","14","I","Valeur imputée"
"FBS","Bilans Alimentaires (2010-)","694","Sierra Leone","5301","Disponibilité intérieure","S2734","Viande de Volailles","2017","2017","Milliers de tonnes","29","I","Valeur imputée"
"FBS","Bilans Alimentaires (2010-)","703","Slovaquie","5511","Production","S2734","Viande de Volailles","2017","2017","Milliers de tonnes","71","I","Valeur imputée"
"FBS","Bilans Alimentaires (2010-)","703","Slovaquie","5611","Importations - Quantité","S2734","Viande de Volailles","2017","2017","Milliers de tonnes","63","I","Valeur imputée"
"FBS","Bilans Alimentaires (2010-)","703","Slovaquie","5301","Disponibilité intérieure","S2734","Viande de Volailles","2017","2017","Milliers de tonnes","80","I","Valeur imputée"
"FBS","Bilans Alimentaires (2010-)","705","Slovénie","5511","Production","S2734","Viande de Volailles","2017","2017","Milliers de tonnes","68","I","Valeur imputée"
"FBS","Bilans Alimentaires (2010-)","705","Slovénie","5611","Importations - Quantité","S2734","Viande de Volailles","2017","2017","Milliers de tonnes","20","I","Valeur imputée"
"FBS","Bilans Alimentaires (2010-)","705","Slovénie","5301","Disponibilité intérieure","S2734","Viande de Volailles","2017","2017","Milliers de tonnes","51","I","Valeur imputée"
"FBS","Bilans Alimentaires (2010-)","729","Soudan","5511","Production","S2734","Viande de Volailles","2017","2017","Milliers de tonnes","68","I","Valeur imputée"
"FBS","Bilans Alimentaires (2010-)","729","Soudan","5611","Importations - Quantité","S2734","Viande de Volailles","2017","2017","Milliers de tonnes","0","I","Valeur imputée"
"FBS","Bilans Alimentaires (2010-)","729","Soudan","5301","Disponibilité intérieure","S2734","Viande de Volailles","2017","2017","Milliers de tonnes","55","I","Valeur imputée"
"FBS","Bilans Alimentaires (2010-)","144","Sri Lanka","5511","Production","S2734","Viande de Volailles","2017","2017","Milliers de tonnes","192","I","Valeur imputée"
"FBS","Bilans Alimentaires (2010-)","144","Sri Lanka","5611","Importations - Quantité","S2734","Viande de Volailles","2017","2017","Milliers de tonnes","0","I","Valeur imputée"
"FBS","Bilans Alimentaires (2010-)","144","Sri Lanka","5301","Disponibilité intérieure","S2734","Viande de Volailles","2017","2017","Milliers de tonnes","190","I","Valeur imputée"
"FBS","Bilans Alimentaires (2010-)","752","Suède","5511","Production","S2734","Viande de Volailles","2017","2017","Milliers de tonnes","157","I","Valeur imputée"
"FBS","Bilans Alimentaires (2010-)","752","Suède","5611","Importations - Quantité","S2734","Viande de Volailles","2017","2017","Milliers de tonnes","84","I","Valeur imputée"
"FBS","Bilans Alimentaires (2010-)","752","Suède","5301","Disponibilité intérieure","S2734","Viande de Volailles","2017","2017","Milliers de tonnes","185","I","Valeur imputée"
"FBS","Bilans Alimentaires (2010-)","756","Suisse","5511","Production","S2734","Viande de Volailles","2017","2017","Milliers de tonnes","92","I","Valeur imputée"
"FBS","Bilans Alimentaires (2010-)","756","Suisse","5611","Importations - Quantité","S2734","Viande de Volailles","2017","2017","Milliers de tonnes","51","I","Valeur imputée"
"FBS","Bilans Alimentaires (2010-)","756","Suisse","5301","Disponibilité intérieure","S2734","Viande de Volailles","2017","2017","Milliers de tonnes","133","I","Valeur imputée"
"FBS","Bilans Alimentaires (2010-)","740","Suriname","5511","Production","S2734","Viande de Volailles","2017","2017","Milliers de tonnes","10","I","Valeur imputée"
"FBS","Bilans Alimentaires (2010-)","740","Suriname","5611","Importations - Quantité","S2734","Viande de Volailles","2017","2017","Milliers de tonnes","18","I","Valeur imputée"
"FBS","Bilans Alimentaires (2010-)","740","Suriname","5301","Disponibilité intérieure","S2734","Viande de Volailles","2017","2017","Milliers de tonnes","27","I","Valeur imputée"
"FBS","Bilans Alimentaires (2010-)","762","Tadjikistan","5511","Production","S2734","Viande de Volailles","2017","2017","Milliers de tonnes","7","I","Valeur imputée"
"FBS","Bilans Alimentaires (2010-)","762","Tadjikistan","5611","Importations - Quantité","S2734","Viande de Volailles","2017","2017","Milliers de tonnes","38","I","Valeur imputée"
"FBS","Bilans Alimentaires (2010-)","762","Tadjikistan","5301","Disponibilité intérieure","S2734","Viande de Volailles","2017","2017","Milliers de tonnes","38","I","Valeur imputée"
"FBS","Bilans Alimentaires (2010-)","148","Tchad","5511","Production","S2734","Viande de Volailles","2017","2017","Milliers de tonnes","6","I","Valeur imputée"
"FBS","Bilans Alimentaires (2010-)","148","Tchad","5611","Importations - Quantité","S2734","Viande de Volailles","2017","2017","Milliers de tonnes","1","I","Valeur imputée"
"FBS","Bilans Alimentaires (2010-)","148","Tchad","5301","Disponibilité intérieure","S2734","Viande de Volailles","2017","2017","Milliers de tonnes","7","I","Valeur imputée"
"FBS","Bilans Alimentaires (2010-)","203","Tchéquie","5511","Production","S2734","Viande de Volailles","2017","2017","Milliers de tonnes","163","I","Valeur imputée"
"FBS","Bilans Alimentaires (2010-)","203","Tchéquie","5611","Importations - Quantité","S2734","Viande de Volailles","2017","2017","Milliers de tonnes","116","I","Valeur imputée"
"FBS","Bilans Alimentaires (2010-)","203","Tchéquie","5301","Disponibilité intérieure","S2734","Viande de Volailles","2017","2017","Milliers de tonnes","248","I","Valeur imputée"
"FBS","Bilans Alimentaires (2010-)","764","Thaïlande","5511","Production","S2734","Viande de Volailles","2017","2017","Milliers de tonnes","1703","I","Valeur imputée"
"FBS","Bilans Alimentaires (2010-)","764","Thaïlande","5611","Importations - Quantité","S2734","Viande de Volailles","2017","2017","Milliers de tonnes","2","I","Valeur imputée"
"FBS","Bilans Alimentaires (2010-)","764","Thaïlande","5301","Disponibilité intérieure","S2734","Viande de Volailles","2017","2017","Milliers de tonnes","1036","I","Valeur imputée"
"FBS","Bilans Alimentaires (2010-)","626","Timor-Leste","5511","Production","S2734","Viande de Volailles","2017","2017","Milliers de tonnes","1","I","Valeur imputée"
"FBS","Bilans Alimentaires (2010-)","626","Timor-Leste","5611","Importations - Quantité","S2734","Viande de Volailles","2017","2017","Milliers de tonnes","12","I","Valeur imputée"
"FBS","Bilans Alimentaires (2010-)","626","Timor-Leste","5301","Disponibilité intérieure","S2734","Viande de Volailles","2017","2017","Milliers de tonnes","5","I","Valeur imputée"
"FBS","Bilans Alimentaires (2010-)","768","Togo","5511","Production","S2734","Viande de Volailles","2017","2017","Milliers de tonnes","40","I","Valeur imputée"
"FBS","Bilans Alimentaires (2010-)","768","Togo","5611","Importations - Quantité","S2734","Viande de Volailles","2017","2017","Milliers de tonnes","16","I","Valeur imputée"
"FBS","Bilans Alimentaires (2010-)","768","Togo","5301","Disponibilité intérieure","S2734","Viande de Volailles","2017","2017","Milliers de tonnes","56","I","Valeur imputée"
"FBS","Bilans Alimentaires (2010-)","780","Trinité-et-Tobago","5511","Production","S2734","Viande de Volailles","2017","2017","Milliers de tonnes","64","I","Valeur imputée"
"FBS","Bilans Alimentaires (2010-)","780","Trinité-et-Tobago","5611","Importations - Quantité","S2734","Viande de Volailles","2017","2017","Milliers de tonnes","23","I","Valeur imputée"
"FBS","Bilans Alimentaires (2010-)","780","Trinité-et-Tobago","5301","Disponibilité intérieure","S2734","Viande de Volailles","2017","2017","Milliers de tonnes","86","I","Valeur imputée"
"FBS","Bilans Alimentaires (2010-)","788","Tunisie","5511","Production","S2734","Viande de Volailles","2017","2017","Milliers de tonnes","215","I","Valeur imputée"
"FBS","Bilans Alimentaires (2010-)","788","Tunisie","5611","Importations - Quantité","S2734","Viande de Volailles","2017","2017","Milliers de tonnes","0","I","Valeur imputée"
"FBS","Bilans Alimentaires (2010-)","788","Tunisie","5301","Disponibilité intérieure","S2734","Viande de Volailles","2017","2017","Milliers de tonnes","195","I","Valeur imputée"
"FBS","Bilans Alimentaires (2010-)","795","Turkménistan","5511","Production","S2734","Viande de Volailles","2017","2017","Milliers de tonnes","21","I","Valeur imputée"
"FBS","Bilans Alimentaires (2010-)","795","Turkménistan","5611","Importations - Quantité","S2734","Viande de Volailles","2017","2017","Milliers de tonnes","10","I","Valeur imputée"
"FBS","Bilans Alimentaires (2010-)","795","Turkménistan","5301","Disponibilité intérieure","S2734","Viande de Volailles","2017","2017","Milliers de tonnes","28","I","Valeur imputée"
"FBS","Bilans Alimentaires (2010-)","792","Turquie","5511","Production","S2734","Viande de Volailles","2017","2017","Milliers de tonnes","2192","I","Valeur imputée"
"FBS","Bilans Alimentaires (2010-)","792","Turquie","5611","Importations - Quantité","S2734","Viande de Volailles","2017","2017","Milliers de tonnes","3","I","Valeur imputée"
"FBS","Bilans Alimentaires (2010-)","792","Turquie","5301","Disponibilité intérieure","S2734","Viande de Volailles","2017","2017","Milliers de tonnes","1760","I","Valeur imputée"
"FBS","Bilans Alimentaires (2010-)","804","Ukraine","5511","Production","S2734","Viande de Volailles","2017","2017","Milliers de tonnes","1211","I","Valeur imputée"
"FBS","Bilans Alimentaires (2010-)","804","Ukraine","5611","Importations - Quantité","S2734","Viande de Volailles","2017","2017","Milliers de tonnes","121","I","Valeur imputée"
"FBS","Bilans Alimentaires (2010-)","804","Ukraine","5301","Disponibilité intérieure","S2734","Viande de Volailles","2017","2017","Milliers de tonnes","1056","I","Valeur imputée"
"FBS","Bilans Alimentaires (2010-)","858","Uruguay","5511","Production","S2734","Viande de Volailles","2017","2017","Milliers de tonnes","33","I","Valeur imputée"
"FBS","Bilans Alimentaires (2010-)","858","Uruguay","5611","Importations - Quantité","S2734","Viande de Volailles","2017","2017","Milliers de tonnes","3","I","Valeur imputée"
"FBS","Bilans Alimentaires (2010-)","858","Uruguay","5301","Disponibilité intérieure","S2734","Viande de Volailles","2017","2017","Milliers de tonnes","33","I","Valeur imputée"
"FBS","Bilans Alimentaires (2010-)","548","Vanuatu","5511","Production","S2734","Viande de Volailles","2017","2017","Milliers de tonnes","1","I","Valeur imputée"
"FBS","Bilans Alimentaires (2010-)","548","Vanuatu","5611","Importations - Quantité","S2734","Viande de Volailles","2017","2017","Milliers de tonnes","4","I","Valeur imputée"
"FBS","Bilans Alimentaires (2010-)","548","Vanuatu","5301","Disponibilité intérieure","S2734","Viande de Volailles","2017","2017","Milliers de tonnes","5","I","Valeur imputée"
"FBS","Bilans Alimentaires (2010-)","862","Venezuela (République bolivarienne du)","5511","Production","S2734","Viande de Volailles","2017","2017","Milliers de tonnes","462","I","Valeur imputée"
"FBS","Bilans Alimentaires (2010-)","862","Venezuela (République bolivarienne du)","5611","Importations - Quantité","S2734","Viande de Volailles","2017","2017","Milliers de tonnes","23","I","Valeur imputée"
"FBS","Bilans Alimentaires (2010-)","862","Venezuela (République bolivarienne du)","5301","Disponibilité intérieure","S2734","Viande de Volailles","2017","2017","Milliers de tonnes","486","I","Valeur imputée"
"FBS","Bilans Alimentaires (2010-)","704","Viet Nam","5511","Production","S2734","Viande de Volailles","2017","2017","Milliers de tonnes","874","I","Valeur imputée"
"FBS","Bilans Alimentaires (2010-)","704","Viet Nam","5611","Importations - Quantité","S2734","Viande de Volailles","2017","2017","Milliers de tonnes","62","I","Valeur imputée"
"FBS","Bilans Alimentaires (2010-)","704","Viet Nam","5301","Disponibilité intérieure","S2734","Viande de Volailles","2017","2017","Milliers de tonnes","927","I","Valeur imputée"
"FBS","Bilans Alimentaires (2010-)","887","Yémen","5511","Production","S2734","Viande de Volailles","2017","2017","Milliers de tonnes","171","I","Valeur imputée"
"FBS","Bilans Alimentaires (2010-)","887","Yémen","5611","Importations - Quantité","S2734","Viande de Volailles","2017","2017","Milliers de tonnes","82","I","Valeur imputée"
"FBS","Bilans Alimentaires (2010-)","887","Yémen","5301","Disponibilité intérieure","S2734","Viande de Volailles","2017","2017","Milliers de tonnes","253","I","Valeur imputée"
"FBS","Bilans Alimentaires (2010-)","894","Zambie","5511","Production","S2734","Viande de Volailles","2017","2017","Milliers de tonnes","49","I","Valeur imputée"
"FBS","Bilans Alimentaires (2010-)","894","Zambie","5611","Importations - Quantité","S2734","Viande de Volailles","2017","2017","Milliers de tonnes","12","I","Valeur imputée"
"FBS","Bilans Alimentaires (2010-)","894","Zambie","5301","Disponibilité intérieure","S2734","Viande de Volailles","2017","2017","Milliers de tonnes","60","I","Valeur imputée"
"FBS","Bilans Alimentaires (2010-)","716","Zimbabwe","5511","Production","S2734","Viande de Volailles","2017","2017","Milliers de tonnes","69","I","Valeur imputée"
"FBS","Bilans Alimentaires (2010-)","716","Zimbabwe","5611","Importations - Quantité","S2734","Viande de Volailles","2017","2017","Milliers de tonnes","6","I","Valeur imputée"
"FBS","Bilans Alimentaires (2010-)","716","Zimbabwe","5301","Disponibilité intérieure","S2734","Viande de Volailles","2017","2017","Milliers de tonnes","75","I","Valeur imputée"
