Code Domaine,Domaine,Code zone (M49),Zone,Code Élément,Élément,Code Produit,Produit,Code année,Année,Unité,Valeur,Symbole,Description du Symbole,Note
"MK","Indicateurs macro","004","Afghanistan","6119","Valeur US $ par habitant","22008","Produit Intérieur Brut","2017","2017","US$","520.616409","X","Ciffre de sources internationales",""
"MK","Indicateurs macro","004","Afghanistan","6129","Croissance annuelle US$","22008","Produit Intérieur Brut","2017","2017","%","4.86579","E","Valeur estimée",""
"MK","Indicateurs macro","710","Afrique du Sud","6119","Valeur US $ par habitant","22008","Produit Intérieur Brut","2017","2017","US$","6121.876572","X","Ciffre de sources internationales",""
"MK","Indicateurs macro","710","Afrique du Sud","6129","Croissance annuelle US$","22008","Produit Intérieur Brut","2017","2017","%","17.771989","E","Valeur estimée",""
"MK","Indicateurs macro","008","Albanie","6119","Valeur US $ par habitant","22008","Produit Intérieur Brut","2017","2017","US$","4514.204908","X","Ciffre de sources internationales",""
"MK","Indicateurs macro","008","Albanie","6129","Croissance annuelle US$","22008","Produit Intérieur Brut","2017","2017","%","9.765944","E","Valeur estimée",""
"MK","Indicateurs macro","012","Algérie","6119","Valeur US $ par habitant","22008","Produit Intérieur Brut","2017","2017","US$","4109.696001","X","Ciffre de sources internationales",""
"MK","Indicateurs macro","012","Algérie","6129","Croissance annuelle US$","22008","Produit Intérieur Brut","2017","2017","%","6.287889","E","Valeur estimée",""
"MK","Indicateurs macro","276","Allemagne","6119","Valeur US $ par habitant","22008","Produit Intérieur Brut","2017","2017","US$","44651.829102","X","Ciffre de sources internationales",""
"MK","Indicateurs macro","276","Allemagne","6129","Croissance annuelle US$","22008","Produit Intérieur Brut","2017","2017","%","6.441277","E","Valeur estimée",""
"MK","Indicateurs macro","020","Andorre","6119","Valeur US $ par habitant","22008","Produit Intérieur Brut","2017","2017","US$","38962.613799","X","Ciffre de sources internationales",""
"MK","Indicateurs macro","020","Andorre","6129","Croissance annuelle US$","22008","Produit Intérieur Brut","2017","2017","%","3.645145","E","Valeur estimée",""
"MK","Indicateurs macro","024","Angola","6119","Valeur US $ par habitant","22008","Produit Intérieur Brut","2017","2017","US$","4095.811686","X","Ciffre de sources internationales",""
"MK","Indicateurs macro","024","Angola","6129","Croissance annuelle US$","22008","Produit Intérieur Brut","2017","2017","%","20.766647","E","Valeur estimée",""
"MK","Indicateurs macro","660","Anguilla","6119","Valeur US $ par habitant","22008","Produit Intérieur Brut","2017","2017","US$","19271.49997","X","Ciffre de sources internationales",""
"MK","Indicateurs macro","660","Anguilla","6129","Croissance annuelle US$","22008","Produit Intérieur Brut","2017","2017","%","-11.82622","E","Valeur estimée",""
"MK","Indicateurs macro","028","Antigua-et-Barbuda","6119","Valeur US $ par habitant","22008","Produit Intérieur Brut","2017","2017","US$","15383.415188","X","Ciffre de sources internationales",""
"MK","Indicateurs macro","028","Antigua-et-Barbuda","6129","Croissance annuelle US$","22008","Produit Intérieur Brut","2017","2017","%","2.185223","E","Valeur estimée",""
"MK","Indicateurs macro","682","Arabie saoudite","6119","Valeur US $ par habitant","22008","Produit Intérieur Brut","2017","2017","US$","20802.464299","X","Ciffre de sources internationales",""
"MK","Indicateurs macro","682","Arabie saoudite","6129","Croissance annuelle US$","22008","Produit Intérieur Brut","2017","2017","%","6.768181","E","Valeur estimée",""
"MK","Indicateurs macro","032","Argentine","6119","Valeur US $ par habitant","22008","Produit Intérieur Brut","2017","2017","US$","14648.845969","X","Ciffre de sources internationales",""
"MK","Indicateurs macro","032","Argentine","6129","Croissance annuelle US$","22008","Produit Intérieur Brut","2017","2017","%","15.442348","E","Valeur estimée",""
"MK","Indicateurs macro","051","Arménie","6119","Valeur US $ par habitant","22008","Produit Intérieur Brut","2017","2017","US$","3914.525246","X","Ciffre de sources internationales",""
"MK","Indicateurs macro","051","Arménie","6129","Croissance annuelle US$","22008","Produit Intérieur Brut","2017","2017","%","9.305043","E","Valeur estimée",""
"MK","Indicateurs macro","533","Aruba","6119","Valeur US $ par habitant","22008","Produit Intérieur Brut","2017","2017","US$","29349.412216","X","Ciffre de sources internationales",""
"MK","Indicateurs macro","533","Aruba","6129","Croissance annuelle US$","22008","Produit Intérieur Brut","2017","2017","%","3.646332","E","Valeur estimée",""
"MK","Indicateurs macro","036","Australie","6119","Valeur US $ par habitant","22008","Produit Intérieur Brut","2017","2017","US$","57628.863849","X","Ciffre de sources internationales",""
"MK","Indicateurs macro","036","Australie","6129","Croissance annuelle US$","22008","Produit Intérieur Brut","2017","2017","%","8.142795","E","Valeur estimée",""
"MK","Indicateurs macro","040","Autriche","6119","Valeur US $ par habitant","22008","Produit Intérieur Brut","2017","2017","US$","47309.051637","X","Ciffre de sources internationales",""
"MK","Indicateurs macro","040","Autriche","6129","Croissance annuelle US$","22008","Produit Intérieur Brut","2017","2017","%","5.483879","E","Valeur estimée",""
"MK","Indicateurs macro","031","Azerbaïdjan","6119","Valeur US $ par habitant","22008","Produit Intérieur Brut","2017","2017","US$","4150.868844","X","Ciffre de sources internationales",""
"MK","Indicateurs macro","031","Azerbaïdjan","6129","Croissance annuelle US$","22008","Produit Intérieur Brut","2017","2017","%","7.921474","E","Valeur estimée",""
"MK","Indicateurs macro","044","Bahamas","6119","Valeur US $ par habitant","22008","Produit Intérieur Brut","2017","2017","US$","32376.12978","X","Ciffre de sources internationales",""
"MK","Indicateurs macro","044","Bahamas","6129","Croissance annuelle US$","22008","Produit Intérieur Brut","2017","2017","%","3.061589","E","Valeur estimée",""
"MK","Indicateurs macro","048","Bahreïn","6119","Valeur US $ par habitant","22008","Produit Intérieur Brut","2017","2017","US$","23742.959101","X","Ciffre de sources internationales",""
"MK","Indicateurs macro","048","Bahreïn","6129","Croissance annuelle US$","22008","Produit Intérieur Brut","2017","2017","%","10.047507","E","Valeur estimée",""
"MK","Indicateurs macro","050","Bangladesh","6119","Valeur US $ par habitant","22008","Produit Intérieur Brut","2017","2017","US$","1538.233627","X","Ciffre de sources internationales",""
"MK","Indicateurs macro","050","Bangladesh","6129","Croissance annuelle US$","22008","Produit Intérieur Brut","2017","2017","%","11.491529","E","Valeur estimée",""
"MK","Indicateurs macro","052","Barbade","6119","Valeur US $ par habitant","22008","Produit Intérieur Brut","2017","2017","US$","17419.313704","X","Ciffre de sources internationales",""
"MK","Indicateurs macro","052","Barbade","6129","Croissance annuelle US$","22008","Produit Intérieur Brut","2017","2017","%","3.243624","E","Valeur estimée",""
"MK","Indicateurs macro","112","Bélarus","6119","Valeur US $ par habitant","22008","Produit Intérieur Brut","2017","2017","US$","5790.908054","X","Ciffre de sources internationales",""
"MK","Indicateurs macro","112","Bélarus","6129","Croissance annuelle US$","22008","Produit Intérieur Brut","2017","2017","%","14.671728","E","Valeur estimée",""
"MK","Indicateurs macro","056","Belgique","6119","Valeur US $ par habitant","22008","Produit Intérieur Brut","2017","2017","US$","44025.903247","X","Ciffre de sources internationales",""
"MK","Indicateurs macro","056","Belgique","6129","Croissance annuelle US$","22008","Produit Intérieur Brut","2017","2017","%","5.680656","E","Valeur estimée",""
"MK","Indicateurs macro","084","Belize","6119","Valeur US $ par habitant","22008","Produit Intérieur Brut","2017","2017","US$","4909.683057","X","Ciffre de sources internationales",""
"MK","Indicateurs macro","084","Belize","6129","Croissance annuelle US$","22008","Produit Intérieur Brut","2017","2017","%","2.669986","E","Valeur estimée",""
"MK","Indicateurs macro","204","Bénin","6119","Valeur US $ par habitant","22008","Produit Intérieur Brut","2017","2017","US$","1136.59336","X","Ciffre de sources internationales",""
"MK","Indicateurs macro","204","Bénin","6129","Croissance annuelle US$","22008","Produit Intérieur Brut","2017","2017","%","7.449328","E","Valeur estimée",""
"MK","Indicateurs macro","060","Bermudes","6119","Valeur US $ par habitant","22008","Produit Intérieur Brut","2017","2017","US$","113281.987026","X","Ciffre de sources internationales",""
"MK","Indicateurs macro","060","Bermudes","6129","Croissance annuelle US$","22008","Produit Intérieur Brut","2017","2017","%","3.513146","E","Valeur estimée",""
"MK","Indicateurs macro","064","Bhoutan","6119","Valeur US $ par habitant","22008","Produit Intérieur Brut","2017","2017","US$","3286.598606","X","Ciffre de sources internationales",""
"MK","Indicateurs macro","064","Bhoutan","6129","Croissance annuelle US$","22008","Produit Intérieur Brut","2017","2017","%","13.496636","E","Valeur estimée",""
"MK","Indicateurs macro","068","Bolivie (État plurinational de)","6119","Valeur US $ par habitant","22008","Produit Intérieur Brut","2017","2017","US$","3351.127399","X","Ciffre de sources internationales",""
"MK","Indicateurs macro","068","Bolivie (État plurinational de)","6129","Croissance annuelle US$","22008","Produit Intérieur Brut","2017","2017","%","10.511015","E","Valeur estimée",""
"MK","Indicateurs macro","070","Bosnie-Herzégovine","6119","Valeur US $ par habitant","22008","Produit Intérieur Brut","2017","2017","US$","5394.741461","X","Ciffre de sources internationales",""
"MK","Indicateurs macro","070","Bosnie-Herzégovine","6129","Croissance annuelle US$","22008","Produit Intérieur Brut","2017","2017","%","6.903897","E","Valeur estimée",""
"MK","Indicateurs macro","072","Botswana","6119","Valeur US $ par habitant","22008","Produit Intérieur Brut","2017","2017","US$","7893.36292","X","Ciffre de sources internationales",""
"MK","Indicateurs macro","072","Botswana","6129","Croissance annuelle US$","22008","Produit Intérieur Brut","2017","2017","%","11.242706","E","Valeur estimée",""
"MK","Indicateurs macro","076","Brésil","6119","Valeur US $ par habitant","22008","Produit Intérieur Brut","2017","2017","US$","9928.675992","X","Ciffre de sources internationales",""
"MK","Indicateurs macro","076","Brésil","6129","Croissance annuelle US$","22008","Produit Intérieur Brut","2017","2017","%","14.914653","E","Valeur estimée",""
"MK","Indicateurs macro","096","Brunéi Darussalam","6119","Valeur US $ par habitant","22008","Produit Intérieur Brut","2017","2017","US$","28572.292244","X","Ciffre de sources internationales",""
"MK","Indicateurs macro","096","Brunéi Darussalam","6129","Croissance annuelle US$","22008","Produit Intérieur Brut","2017","2017","%","6.384936","E","Valeur estimée",""
"MK","Indicateurs macro","100","Bulgarie","6119","Valeur US $ par habitant","22008","Produit Intérieur Brut","2017","2017","US$","8335.277986","X","Ciffre de sources internationales",""
"MK","Indicateurs macro","100","Bulgarie","6129","Croissance annuelle US$","22008","Produit Intérieur Brut","2017","2017","%","9.727448","E","Valeur estimée",""
"MK","Indicateurs macro","854","Burkina Faso","6119","Valeur US $ par habitant","22008","Produit Intérieur Brut","2017","2017","US$","734.996282","X","Ciffre de sources internationales",""
"MK","Indicateurs macro","854","Burkina Faso","6129","Croissance annuelle US$","22008","Produit Intérieur Brut","2017","2017","%","9.924075","E","Valeur estimée",""
"MK","Indicateurs macro","108","Burundi","6119","Valeur US $ par habitant","22008","Produit Intérieur Brut","2017","2017","US$","304.592321","X","Ciffre de sources internationales",""
"MK","Indicateurs macro","108","Burundi","6129","Croissance annuelle US$","22008","Produit Intérieur Brut","2017","2017","%","12.550477","E","Valeur estimée",""
"MK","Indicateurs macro","132","Cabo Verde","6119","Valeur US $ par habitant","22008","Produit Intérieur Brut","2017","2017","US$","3292.638357","X","Ciffre de sources internationales",""
"MK","Indicateurs macro","132","Cabo Verde","6129","Croissance annuelle US$","22008","Produit Intérieur Brut","2017","2017","%","6.420607","E","Valeur estimée",""
"MK","Indicateurs macro","116","Cambodge","6119","Valeur US $ par habitant","22008","Produit Intérieur Brut","2017","2017","US$","1385.260419","X","Ciffre de sources internationales",""
"MK","Indicateurs macro","116","Cambodge","6129","Croissance annuelle US$","22008","Produit Intérieur Brut","2017","2017","%","10.793179","E","Valeur estimée",""
"MK","Indicateurs macro","120","Cameroun","6119","Valeur US $ par habitant","22008","Produit Intérieur Brut","2017","2017","US$","1425.106072","X","Ciffre de sources internationales",""
"MK","Indicateurs macro","120","Cameroun","6129","Croissance annuelle US$","22008","Produit Intérieur Brut","2017","2017","%","7.246615","E","Valeur estimée",""
"MK","Indicateurs macro","124","Canada","6119","Valeur US $ par habitant","22008","Produit Intérieur Brut","2017","2017","US$","44906.74892","X","Ciffre de sources internationales",""
"MK","Indicateurs macro","124","Canada","6129","Croissance annuelle US$","22008","Produit Intérieur Brut","2017","2017","%","7.935525","E","Valeur estimée",""
"MK","Indicateurs macro","152","Chili","6119","Valeur US $ par habitant","22008","Produit Intérieur Brut","2017","2017","US$","14998.813979","X","Ciffre de sources internationales",""
"MK","Indicateurs macro","152","Chili","6129","Croissance annuelle US$","22008","Produit Intérieur Brut","2017","2017","%","10.619121","E","Valeur estimée",""
"MK","Indicateurs macro","159","Chine","6119","Valeur US $ par habitant","22008","Produit Intérieur Brut","2017","2017","US$","8889.173494","E","Valeur estimée",""
"MK","Indicateurs macro","159","Chine","6129","Croissance annuelle US$","22008","Produit Intérieur Brut","2017","2017","%","9.508836","E","Valeur estimée",""
"MK","Indicateurs macro","344","Chine - RAS de Hong-Kong","6119","Valeur US $ par habitant","22008","Produit Intérieur Brut","2017","2017","US$","46705.027813","X","Ciffre de sources internationales",""
"MK","Indicateurs macro","344","Chine - RAS de Hong-Kong","6129","Croissance annuelle US$","22008","Produit Intérieur Brut","2017","2017","%","6.359022","E","Valeur estimée",""
"MK","Indicateurs macro","446","Chine - RAS de Macao","6119","Valeur US $ par habitant","22008","Produit Intérieur Brut","2017","2017","US$","81043.968656","X","Ciffre de sources internationales",""
"MK","Indicateurs macro","446","Chine - RAS de Macao","6129","Croissance annuelle US$","22008","Produit Intérieur Brut","2017","2017","%","11.913952","E","Valeur estimée",""
"MK","Indicateurs macro","156","Chine, continentale","6119","Valeur US $ par habitant","22008","Produit Intérieur Brut","2017","2017","US$","8663.126784","X","Ciffre de sources internationales",""
"MK","Indicateurs macro","156","Chine, continentale","6129","Croissance annuelle US$","22008","Produit Intérieur Brut","2017","2017","%","9.589146","E","Valeur estimée",""
"MK","Indicateurs macro","196","Chypre","6119","Valeur US $ par habitant","22008","Produit Intérieur Brut","2017","2017","US$","26755.5929","X","Ciffre de sources internationales",""
"MK","Indicateurs macro","196","Chypre","6129","Croissance annuelle US$","22008","Produit Intérieur Brut","2017","2017","%","9.227215","E","Valeur estimée",""
"MK","Indicateurs macro","170","Colombie","6119","Valeur US $ par habitant","22008","Produit Intérieur Brut","2017","2017","US$","6376.707362","X","Ciffre de sources internationales",""
"MK","Indicateurs macro","170","Colombie","6129","Croissance annuelle US$","22008","Produit Intérieur Brut","2017","2017","%","10.274451","E","Valeur estimée",""
"MK","Indicateurs macro","174","Comores","6119","Valeur US $ par habitant","22008","Produit Intérieur Brut","2017","2017","US$","1323.811705","X","Ciffre de sources internationales",""
"MK","Indicateurs macro","174","Comores","6129","Croissance annuelle US$","22008","Produit Intérieur Brut","2017","2017","%","6.450871","E","Valeur estimée",""
"MK","Indicateurs macro","178","Congo","6119","Valeur US $ par habitant","22008","Produit Intérieur Brut","2017","2017","US$","2154.629048","X","Ciffre de sources internationales",""
"MK","Indicateurs macro","178","Congo","6129","Croissance annuelle US$","22008","Produit Intérieur Brut","2017","2017","%","8.466581","E","Valeur estimée",""
"MK","Indicateurs macro","188","Costa Rica","6119","Valeur US $ par habitant","22008","Produit Intérieur Brut","2017","2017","US$","12225.577172","X","Ciffre de sources internationales",""
"MK","Indicateurs macro","188","Costa Rica","6129","Croissance annuelle US$","22008","Produit Intérieur Brut","2017","2017","%","2.83621","E","Valeur estimée",""
"MK","Indicateurs macro","384","Côte d'Ivoire","6119","Valeur US $ par habitant","22008","Produit Intérieur Brut","2017","2017","US$","2111.026809","X","Ciffre de sources internationales",""
"MK","Indicateurs macro","384","Côte d'Ivoire","6129","Croissance annuelle US$","22008","Produit Intérieur Brut","2017","2017","%","7.555465","E","Valeur estimée",""
"MK","Indicateurs macro","191","Croatie","6119","Valeur US $ par habitant","22008","Produit Intérieur Brut","2017","2017","US$","13439.243178","X","Ciffre de sources internationales",""
"MK","Indicateurs macro","191","Croatie","6129","Croissance annuelle US$","22008","Produit Intérieur Brut","2017","2017","%","7.494536","E","Valeur estimée",""
"MK","Indicateurs macro","192","Cuba","6119","Valeur US $ par habitant","22008","Produit Intérieur Brut","2017","2017","US$","8541.21444","X","Ciffre de sources internationales",""
"MK","Indicateurs macro","192","Cuba","6129","Croissance annuelle US$","22008","Produit Intérieur Brut","2017","2017","%","5.998687","E","Valeur estimée",""
"MK","Indicateurs macro","531","Curaçao","6119","Valeur US $ par habitant","22008","Produit Intérieur Brut","2017","2017","US$","19238.808167","X","Ciffre de sources internationales",""
"MK","Indicateurs macro","531","Curaçao","6129","Croissance annuelle US$","22008","Produit Intérieur Brut","2017","2017","%","-0.181237","E","Valeur estimée",""
"MK","Indicateurs macro","208","Danemark","6119","Valeur US $ par habitant","22008","Produit Intérieur Brut","2017","2017","US$","57938.797728","X","Ciffre de sources internationales",""
"MK","Indicateurs macro","208","Danemark","6129","Croissance annuelle US$","22008","Produit Intérieur Brut","2017","2017","%","6.06968","E","Valeur estimée",""
"MK","Indicateurs macro","262","Djibouti","6119","Valeur US $ par habitant","22008","Produit Intérieur Brut","2017","2017","US$","2930.696963","X","Ciffre de sources internationales",""
"MK","Indicateurs macro","262","Djibouti","6129","Croissance annuelle US$","22008","Produit Intérieur Brut","2017","2017","%","5.662606","E","Valeur estimée",""
"MK","Indicateurs macro","212","Dominique","6119","Valeur US $ par habitant","22008","Produit Intérieur Brut","2017","2017","US$","7286.797839","X","Ciffre de sources internationales",""
"MK","Indicateurs macro","212","Dominique","6129","Croissance annuelle US$","22008","Produit Intérieur Brut","2017","2017","%","-9.636719","E","Valeur estimée",""
"MK","Indicateurs macro","818","Égypte","6119","Valeur US $ par habitant","22008","Produit Intérieur Brut","2017","2017","US$","2023.331158","X","Ciffre de sources internationales",""
"MK","Indicateurs macro","818","Égypte","6129","Croissance annuelle US$","22008","Produit Intérieur Brut","2017","2017","%","-27.795468","E","Valeur estimée",""
"MK","Indicateurs macro","222","El Salvador","6119","Valeur US $ par habitant","22008","Produit Intérieur Brut","2017","2017","US$","3910.253179","X","Ciffre de sources internationales",""
"MK","Indicateurs macro","222","El Salvador","6129","Croissance annuelle US$","22008","Produit Intérieur Brut","2017","2017","%","3.25636","E","Valeur estimée",""
"MK","Indicateurs macro","784","Émirats arabes unis","6119","Valeur US $ par habitant","22008","Produit Intérieur Brut","2017","2017","US$","40644.804043","X","Ciffre de sources internationales",""
"MK","Indicateurs macro","784","Émirats arabes unis","6129","Croissance annuelle US$","22008","Produit Intérieur Brut","2017","2017","%","7.999086","E","Valeur estimée",""
"MK","Indicateurs macro","218","Équateur","6119","Valeur US $ par habitant","22008","Produit Intérieur Brut","2017","2017","US$","6213.501276","X","Ciffre de sources internationales",""
"MK","Indicateurs macro","218","Équateur","6129","Croissance annuelle US$","22008","Produit Intérieur Brut","2017","2017","%","4.360883","E","Valeur estimée",""
"MK","Indicateurs macro","232","Érythrée","6119","Valeur US $ par habitant","22008","Produit Intérieur Brut","2017","2017","US$","557.874751","X","Ciffre de sources internationales",""
"MK","Indicateurs macro","232","Érythrée","6129","Croissance annuelle US$","22008","Produit Intérieur Brut","2017","2017","%","-12.409467","E","Valeur estimée",""
"MK","Indicateurs macro","724","Espagne","6119","Valeur US $ par habitant","22008","Produit Intérieur Brut","2017","2017","US$","28137.441564","X","Ciffre de sources internationales",""
"MK","Indicateurs macro","724","Espagne","6129","Croissance annuelle US$","22008","Produit Intérieur Brut","2017","2017","%","6.530706","E","Valeur estimée",""
"MK","Indicateurs macro","233","Estonie","6119","Valeur US $ par habitant","22008","Produit Intérieur Brut","2017","2017","US$","20406.691807","X","Ciffre de sources internationales",""
"MK","Indicateurs macro","233","Estonie","6129","Croissance annuelle US$","22008","Produit Intérieur Brut","2017","2017","%","11.921513","E","Valeur estimée",""
"MK","Indicateurs macro","748","Eswatini","6119","Valeur US $ par habitant","22008","Produit Intérieur Brut","2017","2017","US$","3913.145927","X","Ciffre de sources internationales",""
"MK","Indicateurs macro","748","Eswatini","6129","Croissance annuelle US$","22008","Produit Intérieur Brut","2017","2017","%","15.3435","E","Valeur estimée",""
"MK","Indicateurs macro","840","États-Unis d'Amérique","6119","Valeur US $ par habitant","22008","Produit Intérieur Brut","2017","2017","US$","59921.674703","X","Ciffre de sources internationales",""
"MK","Indicateurs macro","840","États-Unis d'Amérique","6129","Croissance annuelle US$","22008","Produit Intérieur Brut","2017","2017","%","4.196376","E","Valeur estimée",""
"MK","Indicateurs macro","231","Éthiopie","6119","Valeur US $ par habitant","22008","Produit Intérieur Brut","2017","2017","US$","721.753494","X","Ciffre de sources internationales",""
"MK","Indicateurs macro","231","Éthiopie","6129","Croissance annuelle US$","22008","Produit Intérieur Brut","2017","2017","%","6.426018","E","Valeur estimée",""
"MK","Indicateurs macro","643","Fédération de Russie","6119","Valeur US $ par habitant","22008","Produit Intérieur Brut","2017","2017","US$","10817.003315","X","Ciffre de sources internationales",""
"MK","Indicateurs macro","643","Fédération de Russie","6129","Croissance annuelle US$","22008","Produit Intérieur Brut","2017","2017","%","23.293875","E","Valeur estimée",""
"MK","Indicateurs macro","242","Fidji","6119","Valeur US $ par habitant","22008","Produit Intérieur Brut","2017","2017","US$","6101.130428","X","Ciffre de sources internationales",""
"MK","Indicateurs macro","242","Fidji","6129","Croissance annuelle US$","22008","Produit Intérieur Brut","2017","2017","%","8.584707","E","Valeur estimée",""
"MK","Indicateurs macro","246","Finlande","6119","Valeur US $ par habitant","22008","Produit Intérieur Brut","2017","2017","US$","46385.550876","X","Ciffre de sources internationales",""
"MK","Indicateurs macro","246","Finlande","6129","Croissance annuelle US$","22008","Produit Intérieur Brut","2017","2017","%","6.250864","E","Valeur estimée",""
"MK","Indicateurs macro","250","France","6119","Valeur US $ par habitant","22008","Produit Intérieur Brut","2017","2017","US$","38720.645922","X","Ciffre de sources internationales",""
"MK","Indicateurs macro","250","France","6129","Croissance annuelle US$","22008","Produit Intérieur Brut","2017","2017","%","5.012186","E","Valeur estimée",""
"MK","Indicateurs macro","266","Gabon","6119","Valeur US $ par habitant","22008","Produit Intérieur Brut","2017","2017","US$","7230.472774","X","Ciffre de sources internationales",""
"MK","Indicateurs macro","266","Gabon","6129","Croissance annuelle US$","22008","Produit Intérieur Brut","2017","2017","%","6.459129","E","Valeur estimée",""
"MK","Indicateurs macro","270","Gambie","6119","Valeur US $ par habitant","22008","Produit Intérieur Brut","2017","2017","US$","679.778473","X","Ciffre de sources internationales",""
"MK","Indicateurs macro","270","Gambie","6129","Croissance annuelle US$","22008","Produit Intérieur Brut","2017","2017","%","2.569375","E","Valeur estimée",""
"MK","Indicateurs macro","268","Géorgie","6119","Valeur US $ par habitant","22008","Produit Intérieur Brut","2017","2017","US$","4051.842804","X","Ciffre de sources internationales",""
"MK","Indicateurs macro","268","Géorgie","6129","Croissance annuelle US$","22008","Produit Intérieur Brut","2017","2017","%","7.271943","E","Valeur estimée",""
"MK","Indicateurs macro","288","Ghana","6119","Valeur US $ par habitant","22008","Produit Intérieur Brut","2017","2017","US$","2074.175443","X","Ciffre de sources internationales",""
"MK","Indicateurs macro","288","Ghana","6129","Croissance annuelle US$","22008","Produit Intérieur Brut","2017","2017","%","7.545343","E","Valeur estimée",""
"MK","Indicateurs macro","300","Grèce","6119","Valeur US $ par habitant","22008","Produit Intérieur Brut","2017","2017","US$","18907.740558","X","Ciffre de sources internationales",""
"MK","Indicateurs macro","300","Grèce","6129","Croissance annuelle US$","22008","Produit Intérieur Brut","2017","2017","%","3.537188","E","Valeur estimée",""
"MK","Indicateurs macro","308","Grenade","6119","Valeur US $ par habitant","22008","Produit Intérieur Brut","2017","2017","US$","10152.832812","X","Ciffre de sources internationales",""
"MK","Indicateurs macro","308","Grenade","6129","Croissance annuelle US$","22008","Produit Intérieur Brut","2017","2017","%","6.032591","E","Valeur estimée",""
"MK","Indicateurs macro","304","Groenland","6119","Valeur US $ par habitant","22008","Produit Intérieur Brut","2017","2017","US$","50488.013278","X","Ciffre de sources internationales",""
"MK","Indicateurs macro","304","Groenland","6129","Croissance annuelle US$","22008","Produit Intérieur Brut","2017","2017","%","5.336779","E","Valeur estimée",""
"MK","Indicateurs macro","320","Guatemala","6119","Valeur US $ par habitant","22008","Produit Intérieur Brut","2017","2017","US$","4236.114906","X","Ciffre de sources internationales",""
"MK","Indicateurs macro","320","Guatemala","6129","Croissance annuelle US$","22008","Produit Intérieur Brut","2017","2017","%","8.478524","E","Valeur estimée",""
"MK","Indicateurs macro","324","Guinée","6119","Valeur US $ par habitant","22008","Produit Intérieur Brut","2017","2017","US$","855.575057","X","Ciffre de sources internationales",""
"MK","Indicateurs macro","324","Guinée","6129","Croissance annuelle US$","22008","Produit Intérieur Brut","2017","2017","%","20.000796","E","Valeur estimée",""
"MK","Indicateurs macro","226","Guinée équatoriale","6119","Valeur US $ par habitant","22008","Produit Intérieur Brut","2017","2017","US$","9667.899671","X","Ciffre de sources internationales",""
"MK","Indicateurs macro","226","Guinée équatoriale","6129","Croissance annuelle US$","22008","Produit Intérieur Brut","2017","2017","%","8.541141","E","Valeur estimée",""
"MK","Indicateurs macro","624","Guinée-Bissau","6119","Valeur US $ par habitant","22008","Produit Intérieur Brut","2017","2017","US$","738.550286","X","Ciffre de sources internationales",""
"MK","Indicateurs macro","624","Guinée-Bissau","6129","Croissance annuelle US$","22008","Produit Intérieur Brut","2017","2017","%","14.518424","E","Valeur estimée",""
"MK","Indicateurs macro","328","Guyana","6119","Valeur US $ par habitant","22008","Produit Intérieur Brut","2017","2017","US$","6124.922066","X","Ciffre de sources internationales",""
"MK","Indicateurs macro","328","Guyana","6129","Croissance annuelle US$","22008","Produit Intérieur Brut","2017","2017","%","5.92226","E","Valeur estimée",""
"MK","Indicateurs macro","332","Haïti","6119","Valeur US $ par habitant","22008","Produit Intérieur Brut","2017","2017","US$","1387.438826","X","Ciffre de sources internationales",""
"MK","Indicateurs macro","332","Haïti","6129","Croissance annuelle US$","22008","Produit Intérieur Brut","2017","2017","%","14.280015","E","Valeur estimée",""
"MK","Indicateurs macro","340","Honduras","6119","Valeur US $ par habitant","22008","Produit Intérieur Brut","2017","2017","US$","2453.729573","X","Ciffre de sources internationales",""
"MK","Indicateurs macro","340","Honduras","6129","Croissance annuelle US$","22008","Produit Intérieur Brut","2017","2017","%","6.532207","E","Valeur estimée",""
"MK","Indicateurs macro","348","Hongrie","6119","Valeur US $ par habitant","22008","Produit Intérieur Brut","2017","2017","US$","14711.08422","X","Ciffre de sources internationales",""
"MK","Indicateurs macro","348","Hongrie","6129","Croissance annuelle US$","22008","Produit Intérieur Brut","2017","2017","%","11.272214","E","Valeur estimée",""
"MK","Indicateurs macro","136","Îles Caïmanes","6119","Valeur US $ par habitant","22008","Produit Intérieur Brut","2017","2017","US$","82835.266764","X","Ciffre de sources internationales",""
"MK","Indicateurs macro","136","Îles Caïmanes","6129","Croissance annuelle US$","22008","Produit Intérieur Brut","2017","2017","%","5.234097","E","Valeur estimée",""
"MK","Indicateurs macro","184","Îles Cook","6119","Valeur US $ par habitant","22008","Produit Intérieur Brut","2017","2017","US$","19741.188968","X","Ciffre de sources internationales",""
"MK","Indicateurs macro","184","Îles Cook","6129","Croissance annuelle US$","22008","Produit Intérieur Brut","2017","2017","%","11.537687","E","Valeur estimée",""
"MK","Indicateurs macro","584","Îles Marshall","6119","Valeur US $ par habitant","22008","Produit Intérieur Brut","2017","2017","US$","3669.806573","X","Ciffre de sources internationales",""
"MK","Indicateurs macro","584","Îles Marshall","6129","Croissance annuelle US$","22008","Produit Intérieur Brut","2017","2017","%","5.633935","E","Valeur estimée",""
"MK","Indicateurs macro","090","Îles Salomon","6119","Valeur US $ par habitant","22008","Produit Intérieur Brut","2017","2017","US$","2332.873855","X","Ciffre de sources internationales",""
"MK","Indicateurs macro","090","Îles Salomon","6129","Croissance annuelle US$","22008","Produit Intérieur Brut","2017","2017","%","7.635001","E","Valeur estimée",""
"MK","Indicateurs macro","796","Îles Turques-et-Caïques","6119","Valeur US $ par habitant","22008","Produit Intérieur Brut","2017","2017","US$","27545.870942","X","Ciffre de sources internationales",""
"MK","Indicateurs macro","796","Îles Turques-et-Caïques","6129","Croissance annuelle US$","22008","Produit Intérieur Brut","2017","2017","%","-0.976995","E","Valeur estimée",""
"MK","Indicateurs macro","092","Îles Vierges britanniques","6119","Valeur US $ par habitant","22008","Produit Intérieur Brut","2017","2017","US$","44181.965717","X","Ciffre de sources internationales",""
"MK","Indicateurs macro","092","Îles Vierges britanniques","6129","Croissance annuelle US$","22008","Produit Intérieur Brut","2017","2017","%","-6.860865","E","Valeur estimée",""
"MK","Indicateurs macro","356","Inde","6119","Valeur US $ par habitant","22008","Produit Intérieur Brut","2017","2017","US$","1960.39034","X","Ciffre de sources internationales",""
"MK","Indicateurs macro","356","Inde","6129","Croissance annuelle US$","22008","Produit Intérieur Brut","2017","2017","%","14.569952","E","Valeur estimée",""
"MK","Indicateurs macro","360","Indonésie","6119","Valeur US $ par habitant","22008","Produit Intérieur Brut","2017","2017","US$","3837.578117","X","Ciffre de sources internationales",""
"MK","Indicateurs macro","360","Indonésie","6129","Croissance annuelle US$","22008","Produit Intérieur Brut","2017","2017","%","8.986309","E","Valeur estimée",""
"MK","Indicateurs macro","364","Iran (République islamique d')","6119","Valeur US $ par habitant","22008","Produit Intérieur Brut","2017","2017","US$","6243.780412","X","Ciffre de sources internationales",""
"MK","Indicateurs macro","364","Iran (République islamique d')","6129","Croissance annuelle US$","22008","Produit Intérieur Brut","2017","2017","%","8.073001","E","Valeur estimée",""
"MK","Indicateurs macro","368","Iraq","6119","Valeur US $ par habitant","22008","Produit Intérieur Brut","2017","2017","US$","4985.453728","X","Ciffre de sources internationales",""
"MK","Indicateurs macro","368","Iraq","6129","Croissance annuelle US$","22008","Produit Intérieur Brut","2017","2017","%","12.373863","E","Valeur estimée",""
"MK","Indicateurs macro","372","Irlande","6119","Valeur US $ par habitant","22008","Produit Intérieur Brut","2017","2017","US$","70568.302444","X","Ciffre de sources internationales",""
"MK","Indicateurs macro","372","Irlande","6129","Croissance annuelle US$","22008","Produit Intérieur Brut","2017","2017","%","12.287412","E","Valeur estimée",""
"MK","Indicateurs macro","352","Islande","6119","Valeur US $ par habitant","22008","Produit Intérieur Brut","2017","2017","US$","73949.769216","X","Ciffre de sources internationales",""
"MK","Indicateurs macro","352","Islande","6129","Croissance annuelle US$","22008","Produit Intérieur Brut","2017","2017","%","18.925049","E","Valeur estimée",""
"MK","Indicateurs macro","376","Israël","6119","Valeur US $ par habitant","22008","Produit Intérieur Brut","2017","2017","US$","43096.069697","X","Ciffre de sources internationales",""
"MK","Indicateurs macro","376","Israël","6129","Croissance annuelle US$","22008","Produit Intérieur Brut","2017","2017","%","11.363641","E","Valeur estimée",""
"MK","Indicateurs macro","380","Italie","6119","Valeur US $ par habitant","22008","Produit Intérieur Brut","2017","2017","US$","32333.550863","X","Ciffre de sources internationales",""
"MK","Indicateurs macro","380","Italie","6129","Croissance annuelle US$","22008","Produit Intérieur Brut","2017","2017","%","4.584649","E","Valeur estimée",""
"MK","Indicateurs macro","388","Jamaïque","6119","Valeur US $ par habitant","22008","Produit Intérieur Brut","2017","2017","US$","5070.097885","X","Ciffre de sources internationales",""
"MK","Indicateurs macro","388","Jamaïque","6129","Croissance annuelle US$","22008","Produit Intérieur Brut","2017","2017","%","5.199101","E","Valeur estimée",""
"MK","Indicateurs macro","392","Japon","6119","Valeur US $ par habitant","22008","Produit Intérieur Brut","2017","2017","US$","38672.40774","X","Ciffre de sources internationales",""
"MK","Indicateurs macro","392","Japon","6129","Croissance annuelle US$","22008","Produit Intérieur Brut","2017","2017","%","-1.455734","E","Valeur estimée",""
"MK","Indicateurs macro","400","Jordanie","6119","Valeur US $ par habitant","22008","Produit Intérieur Brut","2017","2017","US$","4231.464852","X","Ciffre de sources internationales",""
"MK","Indicateurs macro","400","Jordanie","6129","Croissance annuelle US$","22008","Produit Intérieur Brut","2017","2017","%","3.799956","E","Valeur estimée",""
"MK","Indicateurs macro","398","Kazakhstan","6119","Valeur US $ par habitant","22008","Produit Intérieur Brut","2017","2017","US$","9225.974208","X","Ciffre de sources internationales",""
"MK","Indicateurs macro","398","Kazakhstan","6129","Croissance annuelle US$","22008","Produit Intérieur Brut","2017","2017","%","21.5092","E","Valeur estimée",""
"MK","Indicateurs macro","404","Kenya","6119","Valeur US $ par habitant","22008","Produit Intérieur Brut","2017","2017","US$","1634.068744","X","Ciffre de sources internationales",""
"MK","Indicateurs macro","404","Kenya","6129","Croissance annuelle US$","22008","Produit Intérieur Brut","2017","2017","%","9.69009","E","Valeur estimée",""
"MK","Indicateurs macro","417","Kirghizistan","6119","Valeur US $ par habitant","22008","Produit Intérieur Brut","2017","2017","US$","1244.470221","X","Ciffre de sources internationales",""
"MK","Indicateurs macro","417","Kirghizistan","6129","Croissance annuelle US$","22008","Produit Intérieur Brut","2017","2017","%","13.060774","E","Valeur estimée",""
"MK","Indicateurs macro","296","Kiribati","6119","Valeur US $ par habitant","22008","Produit Intérieur Brut","2017","2017","US$","1648.572671","X","Ciffre de sources internationales",""
"MK","Indicateurs macro","296","Kiribati","6129","Croissance annuelle US$","22008","Produit Intérieur Brut","2017","2017","%","5.428217","E","Valeur estimée",""
"MK","Indicateurs macro","414","Koweït","6119","Valeur US $ par habitant","22008","Produit Intérieur Brut","2017","2017","US$","29754.636332","X","Ciffre de sources internationales",""
"MK","Indicateurs macro","414","Koweït","6129","Croissance annuelle US$","22008","Produit Intérieur Brut","2017","2017","%","10.311317","E","Valeur estimée",""
"MK","Indicateurs macro","426","Lesotho","6119","Valeur US $ par habitant","22008","Produit Intérieur Brut","2017","2017","US$","1101.803397","X","Ciffre de sources internationales",""
"MK","Indicateurs macro","426","Lesotho","6129","Croissance annuelle US$","22008","Produit Intérieur Brut","2017","2017","%","8.113282","E","Valeur estimée",""
"MK","Indicateurs macro","428","Lettonie","6119","Valeur US $ par habitant","22008","Produit Intérieur Brut","2017","2017","US$","15623.931572","X","Ciffre de sources internationales",""
"MK","Indicateurs macro","428","Lettonie","6129","Croissance annuelle US$","22008","Produit Intérieur Brut","2017","2017","%","8.620392","E","Valeur estimée",""
"MK","Indicateurs macro","422","Liban","6119","Valeur US $ par habitant","22008","Produit Intérieur Brut","2017","2017","US$","7819.60467","X","Ciffre de sources internationales",""
"MK","Indicateurs macro","422","Liban","6129","Croissance annuelle US$","22008","Produit Intérieur Brut","2017","2017","%","3.766313","E","Valeur estimée",""
"MK","Indicateurs macro","430","Libéria","6119","Valeur US $ par habitant","22008","Produit Intérieur Brut","2017","2017","US$","587.594046","X","Ciffre de sources internationales",""
"MK","Indicateurs macro","430","Libéria","6129","Croissance annuelle US$","22008","Produit Intérieur Brut","2017","2017","%","0.217628","E","Valeur estimée",""
"MK","Indicateurs macro","434","Libye","6119","Valeur US $ par habitant","22008","Produit Intérieur Brut","2017","2017","US$","10047.807807","X","Ciffre de sources internationales",""
"MK","Indicateurs macro","434","Libye","6129","Croissance annuelle US$","22008","Produit Intérieur Brut","2017","2017","%","32.756156","E","Valeur estimée",""
"MK","Indicateurs macro","438","Liechtenstein","6119","Valeur US $ par habitant","22008","Produit Intérieur Brut","2017","2017","US$","171278.066389","X","Ciffre de sources internationales",""
"MK","Indicateurs macro","438","Liechtenstein","6129","Croissance annuelle US$","22008","Produit Intérieur Brut","2017","2017","%","3.799904","E","Valeur estimée",""
"MK","Indicateurs macro","440","Lituanie","6119","Valeur US $ par habitant","22008","Produit Intérieur Brut","2017","2017","US$","16784.459812","X","Ciffre de sources internationales",""
"MK","Indicateurs macro","440","Lituanie","6129","Croissance annuelle US$","22008","Produit Intérieur Brut","2017","2017","%","11.020131","E","Valeur estimée",""
"MK","Indicateurs macro","442","Luxembourg","6119","Valeur US $ par habitant","22008","Produit Intérieur Brut","2017","2017","US$","111017.182246","X","Ciffre de sources internationales",""
"MK","Indicateurs macro","442","Luxembourg","6129","Croissance annuelle US$","22008","Produit Intérieur Brut","2017","2017","%","5.689666","E","Valeur estimée",""
"MK","Indicateurs macro","807","Macédoine du Nord","6119","Valeur US $ par habitant","22008","Produit Intérieur Brut","2017","2017","US$","5430.875559","X","Ciffre de sources internationales",""
"MK","Indicateurs macro","807","Macédoine du Nord","6129","Croissance annuelle US$","22008","Produit Intérieur Brut","2017","2017","%","5.946111","E","Valeur estimée",""
"MK","Indicateurs macro","450","Madagascar","6119","Valeur US $ par habitant","22008","Produit Intérieur Brut","2017","2017","US$","515.293303","X","Ciffre de sources internationales",""
"MK","Indicateurs macro","450","Madagascar","6129","Croissance annuelle US$","22008","Produit Intérieur Brut","2017","2017","%","11.205528","E","Valeur estimée",""
"MK","Indicateurs macro","458","Malaisie","6119","Valeur US $ par habitant","22008","Produit Intérieur Brut","2017","2017","US$","10259.210256","X","Ciffre de sources internationales",""
"MK","Indicateurs macro","458","Malaisie","6129","Croissance annuelle US$","22008","Produit Intérieur Brut","2017","2017","%","5.926458","E","Valeur estimée",""
"MK","Indicateurs macro","454","Malawi","6119","Valeur US $ par habitant","22008","Produit Intérieur Brut","2017","2017","US$","506.137215","X","Ciffre de sources internationales",""
"MK","Indicateurs macro","454","Malawi","6129","Croissance annuelle US$","22008","Produit Intérieur Brut","2017","2017","%","25.54437","E","Valeur estimée",""
"MK","Indicateurs macro","462","Maldives","6119","Valeur US $ par habitant","22008","Produit Intérieur Brut","2017","2017","US$","9577.289371","X","Ciffre de sources internationales",""
"MK","Indicateurs macro","462","Maldives","6129","Croissance annuelle US$","22008","Produit Intérieur Brut","2017","2017","%","8.564508","E","Valeur estimée",""
"MK","Indicateurs macro","466","Mali","6119","Valeur US $ par habitant","22008","Produit Intérieur Brut","2017","2017","US$","830.0214","X","Ciffre de sources internationales",""
"MK","Indicateurs macro","466","Mali","6129","Croissance annuelle US$","22008","Produit Intérieur Brut","2017","2017","%","9.551263","E","Valeur estimée",""
"MK","Indicateurs macro","470","Malte","6119","Valeur US $ par habitant","22008","Produit Intérieur Brut","2017","2017","US$","30850.17357","X","Ciffre de sources internationales",""
"MK","Indicateurs macro","470","Malte","6129","Croissance annuelle US$","22008","Produit Intérieur Brut","2017","2017","%","15.589779","E","Valeur estimée",""
"MK","Indicateurs macro","504","Maroc","6119","Valeur US $ par habitant","22008","Produit Intérieur Brut","2017","2017","US$","3082.599304","X","Ciffre de sources internationales",""
"MK","Indicateurs macro","504","Maroc","6129","Croissance annuelle US$","22008","Produit Intérieur Brut","2017","2017","%","6.166618","E","Valeur estimée",""
"MK","Indicateurs macro","480","Maurice","6119","Valeur US $ par habitant","22008","Produit Intérieur Brut","2017","2017","US$","10485.851087","X","Ciffre de sources internationales",""
"MK","Indicateurs macro","480","Maurice","6129","Croissance annuelle US$","22008","Produit Intérieur Brut","2017","2017","%","8.394698","E","Valeur estimée",""
"MK","Indicateurs macro","478","Mauritanie","6119","Valeur US $ par habitant","22008","Produit Intérieur Brut","2017","2017","US$","1587.863353","X","Ciffre de sources internationales",""
"MK","Indicateurs macro","478","Mauritanie","6129","Croissance annuelle US$","22008","Produit Intérieur Brut","2017","2017","%","6.272922","E","Valeur estimée",""
"MK","Indicateurs macro","484","Mexique","6119","Valeur US $ par habitant","22008","Produit Intérieur Brut","2017","2017","US$","9287.841557","X","Ciffre de sources internationales",""
"MK","Indicateurs macro","484","Mexique","6129","Croissance annuelle US$","22008","Produit Intérieur Brut","2017","2017","%","7.456604","E","Valeur estimée",""
"MK","Indicateurs macro","583","Micronésie (États fédérés de)","6119","Valeur US $ par habitant","22008","Produit Intérieur Brut","2017","2017","US$","3289.701226","X","Ciffre de sources internationales",""
"MK","Indicateurs macro","583","Micronésie (États fédérés de)","6129","Croissance annuelle US$","22008","Produit Intérieur Brut","2017","2017","%","10.353673","E","Valeur estimée",""
"MK","Indicateurs macro","492","Monaco","6119","Valeur US $ par habitant","22008","Produit Intérieur Brut","2017","2017","US$","167516.046763","X","Ciffre de sources internationales",""
"MK","Indicateurs macro","492","Monaco","6129","Croissance annuelle US$","22008","Produit Intérieur Brut","2017","2017","%","-0.574747","E","Valeur estimée",""
"MK","Indicateurs macro","496","Mongolie","6119","Valeur US $ par habitant","22008","Produit Intérieur Brut","2017","2017","US$","3669.409235","X","Ciffre de sources internationales",""
"MK","Indicateurs macro","496","Mongolie","6129","Croissance annuelle US$","22008","Produit Intérieur Brut","2017","2017","%","2.13664","E","Valeur estimée",""
"MK","Indicateurs macro","499","Monténégro","6119","Valeur US $ par habitant","22008","Produit Intérieur Brut","2017","2017","US$","7738.844301","X","Ciffre de sources internationales",""
"MK","Indicateurs macro","499","Monténégro","6129","Croissance annuelle US$","22008","Produit Intérieur Brut","2017","2017","%","11.035055","E","Valeur estimée",""
"MK","Indicateurs macro","500","Montserrat","6119","Valeur US $ par habitant","22008","Produit Intérieur Brut","2017","2017","US$","12058.58748","X","Ciffre de sources internationales",""
"MK","Indicateurs macro","500","Montserrat","6129","Croissance annuelle US$","22008","Produit Intérieur Brut","2017","2017","%","-4.135405","E","Valeur estimée",""
"MK","Indicateurs macro","508","Mozambique","6119","Valeur US $ par habitant","22008","Produit Intérieur Brut","2017","2017","US$","461.414754","X","Ciffre de sources internationales",""
"MK","Indicateurs macro","508","Mozambique","6129","Croissance annuelle US$","22008","Produit Intérieur Brut","2017","2017","%","10.740445","E","Valeur estimée",""
"MK","Indicateurs macro","104","Myanmar","6119","Valeur US $ par habitant","22008","Produit Intérieur Brut","2017","2017","US$","1277.743698","X","Ciffre de sources internationales",""
"MK","Indicateurs macro","104","Myanmar","6129","Croissance annuelle US$","22008","Produit Intérieur Brut","2017","2017","%","1.849354","E","Valeur estimée",""
"MK","Indicateurs macro","516","Namibie","6119","Valeur US $ par habitant","22008","Produit Intérieur Brut","2017","2017","US$","5363.907541","X","Ciffre de sources internationales",""
"MK","Indicateurs macro","516","Namibie","6129","Croissance annuelle US$","22008","Produit Intérieur Brut","2017","2017","%","20.196593","E","Valeur estimée",""
"MK","Indicateurs macro","520","Nauru","6119","Valeur US $ par habitant","22008","Produit Intérieur Brut","2017","2017","US$","12176.618389","X","Ciffre de sources internationales",""
"MK","Indicateurs macro","520","Nauru","6129","Croissance annuelle US$","22008","Produit Intérieur Brut","2017","2017","%","8.949262","E","Valeur estimée",""
"MK","Indicateurs macro","524","Népal","6119","Valeur US $ par habitant","22008","Produit Intérieur Brut","2017","2017","US$","1065.514207","X","Ciffre de sources internationales",""
"MK","Indicateurs macro","524","Népal","6129","Croissance annuelle US$","22008","Produit Intérieur Brut","2017","2017","%","21.222378","E","Valeur estimée",""
"MK","Indicateurs macro","558","Nicaragua","6119","Valeur US $ par habitant","22008","Produit Intérieur Brut","2017","2017","US$","2159.158239","X","Ciffre de sources internationales",""
"MK","Indicateurs macro","558","Nicaragua","6129","Croissance annuelle US$","22008","Produit Intérieur Brut","2017","2017","%","3.761826","E","Valeur estimée",""
"MK","Indicateurs macro","562","Niger","6119","Valeur US $ par habitant","22008","Produit Intérieur Brut","2017","2017","US$","517.771881","X","Ciffre de sources internationales",""
"MK","Indicateurs macro","562","Niger","6129","Croissance annuelle US$","22008","Produit Intérieur Brut","2017","2017","%","7.560848","E","Valeur estimée",""
"MK","Indicateurs macro","566","Nigéria","6119","Valeur US $ par habitant","22008","Produit Intérieur Brut","2017","2017","US$","1968.687237","X","Ciffre de sources internationales",""
"MK","Indicateurs macro","566","Nigéria","6129","Croissance annuelle US$","22008","Produit Intérieur Brut","2017","2017","%","-7.136901","E","Valeur estimée",""
"MK","Indicateurs macro","578","Norvège","6119","Valeur US $ par habitant","22008","Produit Intérieur Brut","2017","2017","US$","75220.814442","X","Ciffre de sources internationales",""
"MK","Indicateurs macro","578","Norvège","6129","Croissance annuelle US$","22008","Produit Intérieur Brut","2017","2017","%","8.018554","E","Valeur estimée",""
"MK","Indicateurs macro","540","Nouvelle-Calédonie","6119","Valeur US $ par habitant","22008","Produit Intérieur Brut","2017","2017","US$","33101.384336","X","Ciffre de sources internationales",""
"MK","Indicateurs macro","540","Nouvelle-Calédonie","6129","Croissance annuelle US$","22008","Produit Intérieur Brut","2017","2017","%","5.223314","E","Valeur estimée",""
"MK","Indicateurs macro","554","Nouvelle-Zélande","6119","Valeur US $ par habitant","22008","Produit Intérieur Brut","2017","2017","US$","43943.484628","X","Ciffre de sources internationales",""
"MK","Indicateurs macro","554","Nouvelle-Zélande","6129","Croissance annuelle US$","22008","Produit Intérieur Brut","2017","2017","%","9.418329","E","Valeur estimée",""
"MK","Indicateurs macro","512","Oman","6119","Valeur US $ par habitant","22008","Produit Intérieur Brut","2017","2017","US$","15130.543438","X","Ciffre de sources internationales",""
"MK","Indicateurs macro","512","Oman","6129","Croissance annuelle US$","22008","Produit Intérieur Brut","2017","2017","%","7.815332","E","Valeur estimée",""
"MK","Indicateurs macro","800","Ouganda","6119","Valeur US $ par habitant","22008","Produit Intérieur Brut","2017","2017","US$","767.101705","X","Ciffre de sources internationales",""
"MK","Indicateurs macro","800","Ouganda","6129","Croissance annuelle US$","22008","Produit Intérieur Brut","2017","2017","%","3.479027","E","Valeur estimée",""
"MK","Indicateurs macro","860","Ouzbékistan","6119","Valeur US $ par habitant","22008","Produit Intérieur Brut","2017","2017","US$","1851.074677","X","Ciffre de sources internationales",""
"MK","Indicateurs macro","860","Ouzbékistan","6129","Croissance annuelle US$","22008","Produit Intérieur Brut","2017","2017","%","-27.65877","E","Valeur estimée",""
"MK","Indicateurs macro","586","Pakistan","6119","Valeur US $ par habitant","22008","Produit Intérieur Brut","2017","2017","US$","1455.991742","X","Ciffre de sources internationales",""
"MK","Indicateurs macro","586","Pakistan","6129","Croissance annuelle US$","22008","Produit Intérieur Brut","2017","2017","%","9.07632","E","Valeur estimée",""
"MK","Indicateurs macro","585","Palaos","6119","Valeur US $ par habitant","22008","Produit Intérieur Brut","2017","2017","US$","16148.026898","X","Ciffre de sources internationales",""
"MK","Indicateurs macro","585","Palaos","6129","Croissance annuelle US$","22008","Produit Intérieur Brut","2017","2017","%","-3.095442","E","Valeur estimée",""
"MK","Indicateurs macro","275","Palestine","6119","Valeur US $ par habitant","22008","Produit Intérieur Brut","2017","2017","US$","3397.351759","X","Ciffre de sources internationales",""
"MK","Indicateurs macro","275","Palestine","6129","Croissance annuelle US$","22008","Produit Intérieur Brut","2017","2017","%","4.690563","E","Valeur estimée",""
"MK","Indicateurs macro","591","Panama","6119","Valeur US $ par habitant","22008","Produit Intérieur Brut","2017","2017","US$","15146.390071","X","Ciffre de sources internationales",""
"MK","Indicateurs macro","591","Panama","6129","Croissance annuelle US$","22008","Produit Intérieur Brut","2017","2017","%","7.417028","E","Valeur estimée",""
"MK","Indicateurs macro","598","Papouasie-Nouvelle-Guinée","6119","Valeur US $ par habitant","22008","Produit Intérieur Brut","2017","2017","US$","2695.259466","X","Ciffre de sources internationales",""
"MK","Indicateurs macro","598","Papouasie-Nouvelle-Guinée","6129","Croissance annuelle US$","22008","Produit Intérieur Brut","2017","2017","%","9.556498","E","Valeur estimée",""
"MK","Indicateurs macro","600","Paraguay","6119","Valeur US $ par habitant","22008","Produit Intérieur Brut","2017","2017","US$","5678.86754","X","Ciffre de sources internationales",""
"MK","Indicateurs macro","600","Paraguay","6129","Croissance annuelle US$","22008","Produit Intérieur Brut","2017","2017","%","8.056121","E","Valeur estimée",""
"MK","Indicateurs macro","528","Pays-Bas","6119","Valeur US $ par habitant","22008","Produit Intérieur Brut","2017","2017","US$","48989.638816","X","Ciffre de sources internationales",""
"MK","Indicateurs macro","528","Pays-Bas","6129","Croissance annuelle US$","22008","Produit Intérieur Brut","2017","2017","%","6.424971","E","Valeur estimée",""
"MK","Indicateurs macro","604","Pérou","6119","Valeur US $ par habitant","22008","Produit Intérieur Brut","2017","2017","US$","6710.531503","X","Ciffre de sources internationales",""
"MK","Indicateurs macro","604","Pérou","6129","Croissance annuelle US$","22008","Produit Intérieur Brut","2017","2017","%","9.958317","E","Valeur estimée",""
"MK","Indicateurs macro","608","Philippines","6119","Valeur US $ par habitant","22008","Produit Intérieur Brut","2017","2017","US$","3123.244296","X","Ciffre de sources internationales",""
"MK","Indicateurs macro","608","Philippines","6129","Croissance annuelle US$","22008","Produit Intérieur Brut","2017","2017","%","3.092561","E","Valeur estimée",""
"MK","Indicateurs macro","616","Pologne","6119","Valeur US $ par habitant","22008","Produit Intérieur Brut","2017","2017","US$","13872.466907","X","Ciffre de sources internationales",""
"MK","Indicateurs macro","616","Pologne","6129","Croissance annuelle US$","22008","Produit Intérieur Brut","2017","2017","%","11.398261","E","Valeur estimée",""
"MK","Indicateurs macro","258","Polynésie française","6119","Valeur US $ par habitant","22008","Produit Intérieur Brut","2017","2017","US$","21127.527814","X","Ciffre de sources internationales",""
"MK","Indicateurs macro","258","Polynésie française","6129","Croissance annuelle US$","22008","Produit Intérieur Brut","2017","2017","%","6.190222","E","Valeur estimée",""
"MK","Indicateurs macro","630","Porto Rico","6119","Valeur US $ par habitant","22008","Produit Intérieur Brut","2017","2017","US$","32697.981804","X","Ciffre de sources internationales",""
"MK","Indicateurs macro","630","Porto Rico","6129","Croissance annuelle US$","22008","Produit Intérieur Brut","2017","2017","%","-0.854133","E","Valeur estimée",""
"MK","Indicateurs macro","620","Portugal","6119","Valeur US $ par habitant","22008","Produit Intérieur Brut","2017","2017","US$","21515.021025","X","Ciffre de sources internationales",""
"MK","Indicateurs macro","620","Portugal","6129","Croissance annuelle US$","22008","Produit Intérieur Brut","2017","2017","%","7.306288","E","Valeur estimée",""
"MK","Indicateurs macro","634","Qatar","6119","Valeur US $ par habitant","22008","Produit Intérieur Brut","2017","2017","US$","59124.845568","X","Ciffre de sources internationales",""
"MK","Indicateurs macro","634","Qatar","6129","Croissance annuelle US$","22008","Produit Intérieur Brut","2017","2017","%","6.173338","E","Valeur estimée",""
"MK","Indicateurs macro","760","République arabe syrienne","6119","Valeur US $ par habitant","22008","Produit Intérieur Brut","2017","2017","US$","987.609929","X","Ciffre de sources internationales",""
"MK","Indicateurs macro","760","République arabe syrienne","6129","Croissance annuelle US$","22008","Produit Intérieur Brut","2017","2017","%","27.042528","E","Valeur estimée",""
"MK","Indicateurs macro","140","République centrafricaine","6119","Valeur US $ par habitant","22008","Produit Intérieur Brut","2017","2017","US$","450.900697","X","Ciffre de sources internationales",""
"MK","Indicateurs macro","140","République centrafricaine","6129","Croissance annuelle US$","22008","Produit Intérieur Brut","2017","2017","%","13.55225","E","Valeur estimée",""
"MK","Indicateurs macro","410","République de Corée","6119","Valeur US $ par habitant","22008","Produit Intérieur Brut","2017","2017","US$","31781.12332","X","Ciffre de sources internationales",""
"MK","Indicateurs macro","410","République de Corée","6129","Croissance annuelle US$","22008","Produit Intérieur Brut","2017","2017","%","8.252047","E","Valeur estimée",""
"MK","Indicateurs macro","498","République de Moldova","6119","Valeur US $ par habitant","22008","Produit Intérieur Brut","2017","2017","US$","2381.895178","X","Ciffre de sources internationales",""
"MK","Indicateurs macro","498","République de Moldova","6129","Croissance annuelle US$","22008","Produit Intérieur Brut","2017","2017","%","19.801505","E","Valeur estimée",""
"MK","Indicateurs macro","180","République démocratique du Congo","6119","Valeur US $ par habitant","22008","Produit Intérieur Brut","2017","2017","US$","462.445161","X","Ciffre de sources internationales",""
"MK","Indicateurs macro","180","République démocratique du Congo","6129","Croissance annuelle US$","22008","Produit Intérieur Brut","2017","2017","%","-6.681245","E","Valeur estimée",""
"MK","Indicateurs macro","418","République démocratique populaire lao","6119","Valeur US $ par habitant","22008","Produit Intérieur Brut","2017","2017","US$","2455.211675","X","Ciffre de sources internationales",""
"MK","Indicateurs macro","418","République démocratique populaire lao","6129","Croissance annuelle US$","22008","Produit Intérieur Brut","2017","2017","%","8.006484","E","Valeur estimée",""
"MK","Indicateurs macro","214","République dominicaine","6119","Valeur US $ par habitant","22008","Produit Intérieur Brut","2017","2017","US$","7609.365034","X","Ciffre de sources internationales",""
"MK","Indicateurs macro","214","République dominicaine","6129","Croissance annuelle US$","22008","Produit Intérieur Brut","2017","2017","%","5.702298","E","Valeur estimée",""
"MK","Indicateurs macro","408","République populaire démocratique de Corée","6119","Valeur US $ par habitant","22008","Produit Intérieur Brut","2017","2017","US$","686.340258","X","Ciffre de sources internationales",""
"MK","Indicateurs macro","408","République populaire démocratique de Corée","6129","Croissance annuelle US$","22008","Produit Intérieur Brut","2017","2017","%","3.446525","E","Valeur estimée",""
"MK","Indicateurs macro","834","République-Unie de Tanzanie","6119","Valeur US $ par habitant","22008","Produit Intérieur Brut","2017","2017","US$","1001.160919","X","Ciffre de sources internationales",""
"MK","Indicateurs macro","834","République-Unie de Tanzanie","6129","Croissance annuelle US$","22008","Produit Intérieur Brut","2017","2017","%","7.226135","E","Valeur estimée",""
"MK","Indicateurs macro","642","Roumanie","6119","Valeur US $ par habitant","22008","Produit Intérieur Brut","2017","2017","US$","10771.150494","X","Ciffre de sources internationales",""
"MK","Indicateurs macro","642","Roumanie","6129","Croissance annuelle US$","22008","Produit Intérieur Brut","2017","2017","%","12.526614","E","Valeur estimée",""
"MK","Indicateurs macro","826","Royaume-Uni de Grande-Bretagne et d'Irlande du Nord","6119","Valeur US $ par habitant","22008","Produit Intérieur Brut","2017","2017","US$","40448.365256","X","Ciffre de sources internationales",""
"MK","Indicateurs macro","826","Royaume-Uni de Grande-Bretagne et d'Irlande du Nord","6129","Croissance annuelle US$","22008","Produit Intérieur Brut","2017","2017","%","-0.875378","E","Valeur estimée",""
"MK","Indicateurs macro","646","Rwanda","6119","Valeur US $ par habitant","22008","Produit Intérieur Brut","2017","2017","US$","772.29317","X","Ciffre de sources internationales",""
"MK","Indicateurs macro","646","Rwanda","6129","Croissance annuelle US$","22008","Produit Intérieur Brut","2017","2017","%","6.46437","E","Valeur estimée",""
"MK","Indicateurs macro","662","Sainte-Lucie","6119","Valeur US $ par habitant","22008","Produit Intérieur Brut","2017","2017","US$","11034.684894","X","Ciffre de sources internationales",""
"MK","Indicateurs macro","662","Sainte-Lucie","6129","Croissance annuelle US$","22008","Produit Intérieur Brut","2017","2017","%","7.035889","E","Valeur estimée",""
"MK","Indicateurs macro","659","Saint-Kitts-et-Nevis","6119","Valeur US $ par habitant","22008","Produit Intérieur Brut","2017","2017","US$","19155.431731","X","Ciffre de sources internationales",""
"MK","Indicateurs macro","659","Saint-Kitts-et-Nevis","6129","Croissance annuelle US$","22008","Produit Intérieur Brut","2017","2017","%","2.653919","E","Valeur estimée",""
"MK","Indicateurs macro","674","Saint-Marin","6119","Valeur US $ par habitant","22008","Produit Intérieur Brut","2017","2017","US$","45398.746552","X","Ciffre de sources internationales",""
"MK","Indicateurs macro","674","Saint-Marin","6129","Croissance annuelle US$","22008","Produit Intérieur Brut","2017","2017","%","4.175944","E","Valeur estimée",""
"MK","Indicateurs macro","670","Saint-Vincent-et-les Grenadines","6119","Valeur US $ par habitant","22008","Produit Intérieur Brut","2017","2017","US$","7212.960181","X","Ciffre de sources internationales",""
"MK","Indicateurs macro","670","Saint-Vincent-et-les Grenadines","6129","Croissance annuelle US$","22008","Produit Intérieur Brut","2017","2017","%","2.29177","E","Valeur estimée",""
"MK","Indicateurs macro","882","Samoa","6119","Valeur US $ par habitant","22008","Produit Intérieur Brut","2017","2017","US$","4223.478963","X","Ciffre de sources internationales",""
"MK","Indicateurs macro","882","Samoa","6129","Croissance annuelle US$","22008","Produit Intérieur Brut","2017","2017","%","0.417162","E","Valeur estimée",""
"MK","Indicateurs macro","678","Sao Tomé-et-Principe","6119","Valeur US $ par habitant","22008","Produit Intérieur Brut","2017","2017","US$","1828.194018","X","Ciffre de sources internationales",""
"MK","Indicateurs macro","678","Sao Tomé-et-Principe","6129","Croissance annuelle US$","22008","Produit Intérieur Brut","2017","2017","%","8.934434","E","Valeur estimée",""
"MK","Indicateurs macro","686","Sénégal","6119","Valeur US $ par habitant","22008","Produit Intérieur Brut","2017","2017","US$","1361.702214","X","Ciffre de sources internationales",""
"MK","Indicateurs macro","686","Sénégal","6129","Croissance annuelle US$","22008","Produit Intérieur Brut","2017","2017","%","10.274254","E","Valeur estimée",""
"MK","Indicateurs macro","688","Serbie","6119","Valeur US $ par habitant","22008","Produit Intérieur Brut","2017","2017","US$","6275.194384","X","Ciffre de sources internationales",""
"MK","Indicateurs macro","688","Serbie","6129","Croissance annuelle US$","22008","Produit Intérieur Brut","2017","2017","%","8.567672","E","Valeur estimée",""
"MK","Indicateurs macro","690","Seychelles","6119","Valeur US $ par habitant","22008","Produit Intérieur Brut","2017","2017","US$","15850.473498","X","Ciffre de sources internationales",""
"MK","Indicateurs macro","690","Seychelles","6129","Croissance annuelle US$","22008","Produit Intérieur Brut","2017","2017","%","7.193774","E","Valeur estimée",""
"MK","Indicateurs macro","694","Sierra Leone","6119","Valeur US $ par habitant","22008","Produit Intérieur Brut","2017","2017","US$","499.38124","X","Ciffre de sources internationales",""
"MK","Indicateurs macro","694","Sierra Leone","6129","Croissance annuelle US$","22008","Produit Intérieur Brut","2017","2017","%","-3.187996","E","Valeur estimée",""
"MK","Indicateurs macro","702","Singapour","6119","Valeur US $ par habitant","22008","Produit Intérieur Brut","2017","2017","US$","60148.750687","X","Ciffre de sources internationales",""
"MK","Indicateurs macro","702","Singapour","6129","Croissance annuelle US$","22008","Produit Intérieur Brut","2017","2017","%","7.710803","E","Valeur estimée",""
"MK","Indicateurs macro","534","Sint Maarten (partie néerlandaise)","6119","Valeur US $ par habitant","22008","Produit Intérieur Brut","2017","2017","US$","24466.750314","X","Ciffre de sources internationales",""
"MK","Indicateurs macro","534","Sint Maarten (partie néerlandaise)","6129","Croissance annuelle US$","22008","Produit Intérieur Brut","2017","2017","%","-5.416363","E","Valeur estimée",""
"MK","Indicateurs macro","703","Slovaquie","6119","Valeur US $ par habitant","22008","Produit Intérieur Brut","2017","2017","US$","17510.14429","X","Ciffre de sources internationales",""
"MK","Indicateurs macro","703","Slovaquie","6129","Croissance annuelle US$","22008","Produit Intérieur Brut","2017","2017","%","6.449281","E","Valeur estimée",""
"MK","Indicateurs macro","705","Slovénie","6119","Valeur US $ par habitant","22008","Produit Intérieur Brut","2017","2017","US$","23400.712988","X","Ciffre de sources internationales",""
"MK","Indicateurs macro","705","Slovénie","6129","Croissance annuelle US$","22008","Produit Intérieur Brut","2017","2017","%","8.612164","E","Valeur estimée",""
"MK","Indicateurs macro","706","Somalie","6119","Valeur US $ par habitant","22008","Produit Intérieur Brut","2017","2017","US$","111.048078","X","Ciffre de sources internationales",""
"MK","Indicateurs macro","706","Somalie","6129","Croissance annuelle US$","22008","Produit Intérieur Brut","2017","2017","%","7.395313","E","Valeur estimée",""
"MK","Indicateurs macro","729","Soudan","6119","Valeur US $ par habitant","22008","Produit Intérieur Brut","2017","2017","US$","2990.994843","X","Ciffre de sources internationales",""
"MK","Indicateurs macro","729","Soudan","6129","Croissance annuelle US$","22008","Produit Intérieur Brut","2017","2017","%","36.133413","E","Valeur estimée",""
"MK","Indicateurs macro","728","Soudan du Sud","6119","Valeur US $ par habitant","22008","Produit Intérieur Brut","2017","2017","US$","327.324953","X","Ciffre de sources internationales",""
"MK","Indicateurs macro","728","Soudan du Sud","6129","Croissance annuelle US$","22008","Produit Intérieur Brut","2017","2017","%","9.003177","E","Valeur estimée",""
"MK","Indicateurs macro","144","Sri Lanka","6119","Valeur US $ par habitant","22008","Produit Intérieur Brut","2017","2017","US$","4138.0152","X","Ciffre de sources internationales",""
"MK","Indicateurs macro","144","Sri Lanka","6129","Croissance annuelle US$","22008","Produit Intérieur Brut","2017","2017","%","6.100726","E","Valeur estimée",""
"MK","Indicateurs macro","752","Suède","6119","Valeur US $ par habitant","22008","Produit Intérieur Brut","2017","2017","US$","54621.345824","X","Ciffre de sources internationales",""
"MK","Indicateurs macro","752","Suède","6129","Croissance annuelle US$","22008","Produit Intérieur Brut","2017","2017","%","4.918811","E","Valeur estimée",""
"MK","Indicateurs macro","756","Suisse","6119","Valeur US $ par habitant","22008","Produit Intérieur Brut","2017","2017","US$","83313.013992","X","Ciffre de sources internationales",""
"MK","Indicateurs macro","756","Suisse","6129","Croissance annuelle US$","22008","Produit Intérieur Brut","2017","2017","%","1.276287","E","Valeur estimée",""
"MK","Indicateurs macro","740","Suriname","6119","Valeur US $ par habitant","22008","Produit Intérieur Brut","2017","2017","US$","5947.369351","X","Ciffre de sources internationales",""
"MK","Indicateurs macro","740","Suriname","6129","Croissance annuelle US$","22008","Produit Intérieur Brut","2017","2017","%","8.032232","E","Valeur estimée",""
"MK","Indicateurs macro","762","Tadjikistan","6119","Valeur US $ par habitant","22008","Produit Intérieur Brut","2017","2017","US$","848.668435","X","Ciffre de sources internationales",""
"MK","Indicateurs macro","762","Tadjikistan","6129","Croissance annuelle US$","22008","Produit Intérieur Brut","2017","2017","%","7.779672","E","Valeur estimée",""
"MK","Indicateurs macro","148","Tchad","6119","Valeur US $ par habitant","22008","Produit Intérieur Brut","2017","2017","US$","692.16163","X","Ciffre de sources internationales",""
"MK","Indicateurs macro","148","Tchad","6129","Croissance annuelle US$","22008","Produit Intérieur Brut","2017","2017","%","0.015032","E","Valeur estimée",""
"MK","Indicateurs macro","203","Tchéquie","6119","Valeur US $ par habitant","22008","Produit Intérieur Brut","2017","2017","US$","20545.836143","X","Ciffre de sources internationales",""
"MK","Indicateurs macro","203","Tchéquie","6129","Croissance annuelle US$","22008","Produit Intérieur Brut","2017","2017","%","11.390756","E","Valeur estimée",""
"MK","Indicateurs macro","764","Thaïlande","6119","Valeur US $ par habitant","22008","Produit Intérieur Brut","2017","2017","US$","6593.81687","X","Ciffre de sources internationales",""
"MK","Indicateurs macro","764","Thaïlande","6129","Croissance annuelle US$","22008","Produit Intérieur Brut","2017","2017","%","10.400089","E","Valeur estimée",""
"MK","Indicateurs macro","626","Timor-Leste","6119","Valeur US $ par habitant","22008","Produit Intérieur Brut","2017","2017","US$","1299.496723","X","Ciffre de sources internationales",""
"MK","Indicateurs macro","626","Timor-Leste","6129","Croissance annuelle US$","22008","Produit Intérieur Brut","2017","2017","%","-2.12095","E","Valeur estimée",""
"MK","Indicateurs macro","768","Togo","6119","Valeur US $ par habitant","22008","Produit Intérieur Brut","2017","2017","US$","829.700048","X","Ciffre de sources internationales",""
"MK","Indicateurs macro","768","Togo","6129","Croissance annuelle US$","22008","Produit Intérieur Brut","2017","2017","%","5.209157","E","Valeur estimée",""
"MK","Indicateurs macro","776","Tonga","6119","Valeur US $ par habitant","22008","Produit Intérieur Brut","2017","2017","US$","4522.873795","X","Ciffre de sources internationales",""
"MK","Indicateurs macro","776","Tonga","6129","Croissance annuelle US$","22008","Produit Intérieur Brut","2017","2017","%","9.60203","E","Valeur estimée",""
"MK","Indicateurs macro","780","Trinité-et-Tobago","6119","Valeur US $ par habitant","22008","Produit Intérieur Brut","2017","2017","US$","16747.918804","X","Ciffre de sources internationales",""
"MK","Indicateurs macro","780","Trinité-et-Tobago","6129","Croissance annuelle US$","22008","Produit Intérieur Brut","2017","2017","%","3.604883","E","Valeur estimée",""
"MK","Indicateurs macro","788","Tunisie","6119","Valeur US $ par habitant","22008","Produit Intérieur Brut","2017","2017","US$","3481.203612","X","Ciffre de sources internationales",""
"MK","Indicateurs macro","788","Tunisie","6129","Croissance annuelle US$","22008","Produit Intérieur Brut","2017","2017","%","-4.781011","E","Valeur estimée",""
"MK","Indicateurs macro","795","Turkménistan","6119","Valeur US $ par habitant","22008","Produit Intérieur Brut","2017","2017","US$","6752.362494","X","Ciffre de sources internationales",""
"MK","Indicateurs macro","795","Turkménistan","6129","Croissance annuelle US$","22008","Produit Intérieur Brut","2017","2017","%","7.488164","E","Valeur estimée",""
"MK","Indicateurs macro","792","Turquie","6119","Valeur US $ par habitant","22008","Produit Intérieur Brut","2017","2017","US$","10589.573121","X","Ciffre de sources internationales",""
"MK","Indicateurs macro","792","Turquie","6129","Croissance annuelle US$","22008","Produit Intérieur Brut","2017","2017","%","-1.229687","E","Valeur estimée",""
"MK","Indicateurs macro","798","Tuvalu","6119","Valeur US $ par habitant","22008","Produit Intérieur Brut","2017","2017","US$","3982.111321","X","Ciffre de sources internationales",""
"MK","Indicateurs macro","798","Tuvalu","6129","Croissance annuelle US$","22008","Produit Intérieur Brut","2017","2017","%","9.644338","E","Valeur estimée",""
"MK","Indicateurs macro","804","Ukraine","6119","Valeur US $ par habitant","22008","Produit Intérieur Brut","2017","2017","US$","2521.827514","X","Ciffre de sources internationales",""
"MK","Indicateurs macro","804","Ukraine","6129","Croissance annuelle US$","22008","Produit Intérieur Brut","2017","2017","%","20.174907","E","Valeur estimée",""
"MK","Indicateurs macro","858","Uruguay","6119","Valeur US $ par habitant","22008","Produit Intérieur Brut","2017","2017","US$","18690.915595","X","Ciffre de sources internationales",""
"MK","Indicateurs macro","858","Uruguay","6129","Croissance annuelle US$","22008","Produit Intérieur Brut","2017","2017","%","12.225233","E","Valeur estimée",""
"MK","Indicateurs macro","548","Vanuatu","6119","Valeur US $ par habitant","22008","Produit Intérieur Brut","2017","2017","US$","3082.368364","X","Ciffre de sources internationales",""
"MK","Indicateurs macro","548","Vanuatu","6129","Croissance annuelle US$","22008","Produit Intérieur Brut","2017","2017","%","9.413919","E","Valeur estimée",""
"MK","Indicateurs macro","862","Venezuela (République bolivarienne du)","6119","Valeur US $ par habitant","22008","Produit Intérieur Brut","2017","2017","US$","8432.288335","X","Ciffre de sources internationales",""
"MK","Indicateurs macro","862","Venezuela (République bolivarienne du)","6129","Croissance annuelle US$","22008","Produit Intérieur Brut","2017","2017","%","-14.070889","E","Valeur estimée",""
"MK","Indicateurs macro","704","Viet Nam","6119","Valeur US $ par habitant","22008","Produit Intérieur Brut","2017","2017","US$","2365.521494","X","Ciffre de sources internationales",""
"MK","Indicateurs macro","704","Viet Nam","6129","Croissance annuelle US$","22008","Produit Intérieur Brut","2017","2017","%","9.014049","E","Valeur estimée",""
"MK","Indicateurs macro","887","Yémen","6119","Valeur US $ par habitant","22008","Produit Intérieur Brut","2017","2017","US$","745.087677","X","Ciffre de sources internationales",""
"MK","Indicateurs macro","887","Yémen","6129","Croissance annuelle US$","22008","Produit Intérieur Brut","2017","2017","%","-5.889783","E","Valeur estimée",""
"MK","Indicateurs macro","894","Zambie","6119","Valeur US $ par habitant","22008","Produit Intérieur Brut","2017","2017","US$","1534.874627","X","Ciffre de sources internationales",""
"MK","Indicateurs macro","894","Zambie","6129","Croissance annuelle US$","22008","Produit Intérieur Brut","2017","2017","%","20.582513","E","Valeur estimée",""
"MK","Indicateurs macro","716","Zimbabwe","6119","Valeur US $ par habitant","22008","Produit Intérieur Brut","2017","2017","US$","1548.186368","X","Ciffre de sources internationales",""
"MK","Indicateurs macro","716","Zimbabwe","6129","Croissance annuelle US$","22008","Produit Intérieur Brut","2017","2017","%","7.261899","E","Valeur estimée",""
